epoch,Data_selection_execution_time
1,0.00689387321472168
21,4.0596604347229
41,4.607487440109253
61,4.0685133934021
81,4.060049533843994
101,4.058756351470947
121,4.058451175689697
141,4.048822641372681
