epoch,Data_selection_execution_time
1,0.007540225982666016
21,4.514259099960327
41,4.503376245498657
61,4.505126237869263
81,4.508981466293335
101,4.502046346664429
121,4.513761281967163
141,4.562831401824951
