epoch,Data_selection_execution_time
1,0.00820779800415039
21,4.071719169616699
41,4.688513517379761
61,4.063969850540161
81,4.058781385421753
101,4.050353288650513
121,4.0518882274627686
141,4.048544883728027
