epoch,Data_selection_execution_time
1,0.009555578231811523
21,4.520729064941406
41,5.062284708023071
61,4.485243082046509
81,4.55341911315918
101,4.517123699188232
121,4.500343322753906
141,5.112809658050537
