epoch,Data_selection_execution_time
1,0.007225513458251953
21,4.518036603927612
41,4.510540008544922
61,4.529719352722168
81,5.087999582290649
101,4.5280091762542725
121,4.524013519287109
141,4.516152858734131
