epoch,Data_selection_execution_time
1,0.0074024200439453125
21,4.066502332687378
41,4.052997827529907
61,4.777153491973877
81,4.092434406280518
101,4.067115783691406
121,4.0619118213653564
141,4.09085488319397
