epoch,Data_selection_execution_time
1,0.007523775100708008
21,4.070795059204102
41,4.6798014640808105
61,4.065576076507568
81,4.079930067062378
101,4.072999715805054
121,4.067114591598511
141,4.071536540985107
