epoch,Data_selection_execution_time
1,0.0074236392974853516
21,4.056197643280029
41,4.056658506393433
61,4.053389549255371
81,4.051128149032593
101,4.057326555252075
121,4.055558204650879
141,4.052022457122803
