epoch,Data_selection_execution_time
1,0.007607221603393555
21,4.5358734130859375
41,4.503332853317261
61,4.532057046890259
81,4.530759334564209
101,4.52232551574707
121,4.528334856033325
141,4.5315258502960205
