epoch,Data_selection_execution_time
1,0.009163379669189453
21,4.549602031707764
41,5.190409421920776
61,4.52312159538269
81,4.578562259674072
101,4.5146801471710205
121,4.523658514022827
141,4.523212909698486
