epoch,Data_selection_execution_time
1,0.013370275497436523
21,1.1273469924926758
41,1.13004469871521
61,1.1238048076629639
81,1.1287376880645752
101,1.1301367282867432
121,1.1274116039276123
141,1.1339936256408691
