epoch,Data_selection_execution_time
1,0.007709503173828125
21,1.173351526260376
41,1.1276910305023193
61,1.184631586074829
81,1.1325666904449463
101,1.1272759437561035
121,1.1246469020843506
141,1.127324104309082
161,1.1302406787872314
181,1.1273796558380127
201,1.127575397491455
221,1.123983383178711
241,1.126112461090088
261,1.1365854740142822
281,1.1554887294769287
301,1.1262590885162354
321,1.1321589946746826
341,1.1200804710388184
361,1.1274166107177734
381,1.1252729892730713
