epoch,Data_selection_execution_time
1,0.0064029693603515625
21,4.223348140716553
41,4.249017953872681
61,4.2350242137908936
