epoch,Data_selection_execution_time
1,0.004904985427856445
21,4.155342102050781
41,4.144402265548706
61,4.178843259811401
