epoch,Data_selection_execution_time
1,0.00604701042175293
21,3.836747169494629
41,3.8032238483428955
61,3.829425096511841
