epoch,Data_selection_execution_time
1,0.013075828552246094
21,4.030725002288818
41,4.199443817138672
61,4.1825950145721436
