epoch,Data_selection_execution_time
1,0.0049321651458740234
21,4.175235271453857
41,4.184118032455444
61,4.296715021133423
