epoch,Data_selection_execution_time
1,0.005206108093261719
21,4.16293478012085
41,4.157299041748047
61,4.187186002731323
