epoch,Data_selection_execution_time
1,0.0052509307861328125
21,3.8504388332366943
41,3.8190572261810303
61,3.8144819736480713
