epoch,Data_selection_execution_time
1,0.004807233810424805
21,3.840818166732788
41,3.777218818664551
61,3.8474459648132324
