epoch,Data_selection_execution_time
1,0.004687309265136719
21,3.84224009513855
41,3.8093628883361816
61,3.7559940814971924
