epoch,Data_selection_execution_time
1,0.005217075347900391
21,4.079101085662842
41,4.139156103134155
61,4.278824806213379
