epoch,Data_selection_execution_time
1,0.021142005920410156
21,4.024733066558838
41,3.8012657165527344
61,3.7990260124206543
