epoch,Data_selection_execution_time
1,0.005592823028564453
21,4.240329027175903
41,4.17348313331604
61,4.185467958450317
