epoch,Data_selection_execution_time
1,0.005642890930175781
21,4.535650014877319
41,4.401993036270142
61,4.192537069320679
