epoch,Data_selection_execution_time
1,0.0053386688232421875
21,4.440676927566528
41,4.410928249359131
61,4.1854352951049805
