epoch,Data_selection_execution_time
1,0.004766941070556641
21,4.132220029830933
41,4.2475080490112305
61,4.23494291305542
