epoch,Data_selection_execution_time
1,0.008920669555664062
21,7.485917568206787
41,8.031105756759644
61,7.313854217529297
81,7.31804895401001
101,8.083987474441528
121,7.308746814727783
141,7.278935432434082
