epoch,Data_selection_execution_time
1,0.00937509536743164
21,9.265806436538696
41,7.969749212265015
61,7.9480180740356445
81,7.969067335128784
101,7.967735290527344
121,7.991625785827637
141,7.977208375930786
