epoch,Data_selection_execution_time
1,0.012627840042114258
21,9.126651048660278
41,7.943204641342163
61,7.918454885482788
81,7.912123203277588
101,7.9600183963775635
121,9.48767900466919
141,7.951345443725586
