epoch,Data_selection_execution_time
1,0.012421607971191406
21,7.317805767059326
41,7.281171560287476
61,7.2745137214660645
81,8.691803693771362
101,7.3132407665252686
121,9.066168308258057
141,7.319388389587402
