epoch,Data_selection_execution_time
1,0.010165214538574219
21,7.99545431137085
41,7.96932053565979
61,7.982241868972778
81,7.972672939300537
101,9.022644519805908
121,7.997015953063965
141,7.999709129333496
