epoch,Data_selection_execution_time
1,0.009284257888793945
21,7.327270269393921
41,8.475354671478271
61,7.302034616470337
81,7.330276012420654
101,8.52412486076355
121,7.311321973800659
141,7.326941013336182
