epoch,Data_selection_execution_time
1,0.009851932525634766
21,7.295212268829346
41,7.317859172821045
61,7.32106876373291
81,8.266690969467163
101,8.505207061767578
121,7.277551889419556
141,7.314517498016357
