epoch,Data_selection_execution_time
1,0.010039091110229492
21,7.9591383934021
41,7.975625038146973
61,7.93146538734436
81,7.962999105453491
101,7.945710897445679
121,7.929018259048462
141,7.929443836212158
