epoch,Data_selection_execution_time
1,0.013259649276733398
21,7.943466663360596
41,8.914469480514526
61,7.97675347328186
81,7.977105140686035
101,8.950896501541138
121,9.460802793502808
141,7.9448676109313965
