epoch,Data_selection_execution_time
1,0.009607076644897461
21,8.500677347183228
41,8.182156324386597
61,7.310127019882202
81,7.307175159454346
101,7.313635587692261
121,8.207253456115723
141,8.701235055923462
