epoch,Data_selection_execution_time
1,0.005237102508544922
21,0.42111992835998535
41,0.43291211128234863
61,0.42212867736816406
81,0.4665069580078125
101,0.4230341911315918
