epoch,Data_selection_execution_time
1,0.004992008209228516
21,0.42682909965515137
41,0.42594313621520996
61,0.4213838577270508
81,0.4225008487701416
101,0.4745020866394043
