epoch,Data_selection_execution_time
1,0.0056629180908203125
21,0.4988119602203369
41,0.5004990100860596
61,0.49350500106811523
81,0.49118995666503906
101,0.5075478553771973
