epoch,Data_selection_execution_time
1,0.0054128170013427734
21,0.4981350898742676
41,0.4907081127166748
61,0.4966731071472168
81,0.49111318588256836
101,0.5049893856048584
