epoch,Data_selection_execution_time
1,0.005369901657104492
21,0.4668099880218506
41,0.45748019218444824
61,0.4589049816131592
81,19.730504035949707
101,0.4615790843963623
121,0.46373772621154785
141,0.45948100090026855
161,0.4664583206176758
181,0.4619901180267334
201,0.46271800994873047
221,0.45253491401672363
241,0.45758676528930664
261,0.46526312828063965
