epoch,Data_selection_execution_time
1,0.004809141159057617
21,0.42214012145996094
41,0.42218494415283203
61,0.42342400550842285
81,0.42043280601501465
101,0.4221959114074707
