epoch,Data_selection_execution_time
1,0.005587100982666016
21,0.45778393745422363
41,0.458237886428833
61,0.5331380367279053
81,0.46193790435791016
101,0.46476197242736816
121,0.5287549495697021
141,0.4623100757598877
161,0.4543769359588623
181,0.4585869312286377
201,0.4646599292755127
221,0.45819687843322754
241,0.4622328281402588
261,0.4595949649810791
