epoch,Data_selection_execution_time
1,0.00569605827331543
21,0.46517491340637207
41,0.4572570323944092
61,0.4592142105102539
81,0.46591925621032715
101,0.45745396614074707
121,0.4617609977722168
141,0.49492311477661133
161,0.45765209197998047
181,0.4586191177368164
201,0.45999622344970703
221,0.46379804611206055
241,0.45487308502197266
261,0.46327662467956543
