epoch,Data_selection_execution_time
1,0.005499839782714844
21,0.4945378303527832
41,0.4953458309173584
61,0.49856996536254883
81,0.49292492866516113
101,0.5014479160308838
