epoch,Data_selection_execution_time
1,0.005621194839477539
21,0.45607900619506836
41,0.45778322219848633
61,0.46106886863708496
81,0.4610178470611572
101,0.4645681381225586
121,0.4561631679534912
141,0.4553678035736084
161,0.45713186264038086
181,0.4642159938812256
201,0.4564208984375
221,0.4584519863128662
241,0.4624948501586914
261,0.459287166595459
