epoch,Data_selection_execution_time
1,0.0054531097412109375
21,0.49630022048950195
41,0.49558496475219727
61,0.4927048683166504
81,0.48845696449279785
101,0.5074748992919922
