epoch,Data_selection_execution_time
1,0.005088090896606445
21,0.4558250904083252
41,0.46332716941833496
61,0.45827507972717285
81,0.4568309783935547
101,0.47166991233825684
121,0.4553987979888916
141,0.45871686935424805
161,0.46057772636413574
181,0.4709789752960205
201,0.4608480930328369
221,0.46002817153930664
241,0.45412182807922363
261,0.460468053817749
