epoch,Data_selection_execution_time
1,0.0043909549713134766
21,0.42389702796936035
41,0.4230198860168457
61,0.4254727363586426
81,0.4197580814361572
101,0.42116308212280273
