epoch,Data_selection_execution_time
1,0.00461578369140625
21,0.48291516304016113
41,0.49197816848754883
61,6.152060031890869
81,0.4899430274963379
101,0.5012819766998291
