epoch,Data_selection_execution_time
1,0.004797935485839844
21,0.43469882011413574
41,0.4240598678588867
61,0.48292994499206543
81,0.47840213775634766
101,0.4189109802246094
