epoch,Data_selection_execution_time
1,0.5581843852996826
21,38.483131408691406
41,38.662675619125366
61,38.15956425666809
81,38.129698514938354
101,38.548794746398926
121,38.51803278923035
141,37.8482780456543
