epoch,Data_selection_execution_time
1,0.5932011604309082
21,38.15555381774902
41,38.0514554977417
61,38.10648322105408
81,38.32740306854248
101,38.244871854782104
121,38.45587730407715
141,38.21461272239685
