epoch,Data_selection_execution_time
1,0.5795013904571533
21,38.75623345375061
41,37.63998293876648
61,38.56818246841431
81,38.63508200645447
101,37.93304634094238
121,38.057655572891235
141,38.30264401435852
