epoch,Data_selection_execution_time
1,0.587888240814209
21,41.464059352874756
41,37.691869497299194
61,38.31731414794922
81,39.34206032752991
101,38.527554512023926
121,38.93622398376465
141,38.347737312316895
