epoch,Data_selection_execution_time
1,0.004724025726318359
21,1.5432078838348389
41,7.849041223526001
61,1.4962890148162842
81,1.5176329612731934
101,7.742794036865234
