epoch,Data_selection_execution_time
1,0.004950046539306641
21,1.6520040035247803
41,1.581275224685669
61,1.5368890762329102
81,1.6859378814697266
101,1.523914098739624
121,1.5033972263336182
141,1.6569890975952148
161,1.538403034210205
181,1.5205001831054688
201,1.6689238548278809
221,1.5408282279968262
241,1.5350260734558105
261,24.14966917037964
