epoch,Data_selection_execution_time
1,0.005494117736816406
21,1.531257152557373
41,7.9931581020355225
61,1.5119400024414062
81,1.5426137447357178
101,1.5028631687164307
