epoch,Data_selection_execution_time
1,0.00471806526184082
21,1.4591891765594482
41,1.4494681358337402
61,1.5196921825408936
81,1.5377397537231445
101,21.894171237945557
