epoch,Data_selection_execution_time
1,0.005181074142456055
21,1.5232079029083252
41,1.5495400428771973
61,1.4926719665527344
81,1.5242900848388672
101,1.5295321941375732
