epoch,Data_selection_execution_time
1,0.0057489871978759766
21,1.5153300762176514
41,1.5357282161712646
61,8.096121072769165
81,1.5002806186676025
101,1.5179998874664307
