epoch,Data_selection_execution_time
1,0.004960060119628906
21,1.588021993637085
41,1.4800467491149902
61,1.526778221130371
81,1.4834129810333252
101,1.4603362083435059
