epoch,Data_selection_execution_time
1,0.0050029754638671875
21,1.4679150581359863
41,1.4549970626831055
61,1.516333818435669
81,1.4739608764648438
101,1.4414968490600586
