epoch,Data_selection_execution_time
1,0.005542278289794922
21,7.708942890167236
41,1.5091168880462646
61,1.534449815750122
81,7.83618426322937
101,1.511080026626587
