epoch,Data_selection_execution_time
1,0.005029201507568359
21,1.6204640865325928
41,1.438831090927124
61,1.5062909126281738
81,1.4419219493865967
101,22.204264879226685
