epoch,Data_selection_execution_time
1,0.005290031433105469
21,1.5416600704193115
41,1.4728879928588867
61,1.5148561000823975
81,1.4603030681610107
101,22.090887784957886
