epoch,Data_selection_execution_time
1,0.003953218460083008
21,5.339585065841675
41,0.34989190101623535
61,0.33978986740112305
81,0.3387300968170166
101,0.3316161632537842
121,0.33504509925842285
141,0.33478832244873047
