epoch,Data_selection_execution_time
1,0.004022121429443359
21,0.28724193572998047
41,0.28075385093688965
61,0.2773590087890625
81,0.2838761806488037
101,0.2825007438659668
121,0.27786898612976074
141,5.716862916946411
