epoch,Data_selection_execution_time
1,0.0042819976806640625
21,0.29291296005249023
41,0.28656816482543945
61,0.3011651039123535
