epoch,Data_selection_execution_time
1,0.0038330554962158203
21,0.3371248245239258
41,0.3380858898162842
61,4.979948997497559
81,0.3630990982055664
101,0.34281492233276367
121,0.3361799716949463
141,0.3402597904205322
