epoch,Data_selection_execution_time
1,0.005383968353271484
21,0.3323178291320801
41,0.3416628837585449
61,0.34543514251708984
81,0.33933019638061523
101,0.34066295623779297
121,0.33823704719543457
141,0.33420681953430176
