epoch,Data_selection_execution_time
1,0.004469871520996094
21,0.3013768196105957
41,0.2869560718536377
61,0.29726314544677734
