epoch,Data_selection_execution_time
1,0.004157304763793945
21,0.33389902114868164
41,0.3413732051849365
61,0.3390181064605713
81,0.33259081840515137
101,0.33735013008117676
121,0.3372199535369873
141,0.33319997787475586
