epoch,Data_selection_execution_time
1,0.003676176071166992
21,0.299619197845459
41,0.2984189987182617
61,0.30143213272094727
