epoch,Data_selection_execution_time
1,0.004474163055419922
21,0.3826408386230469
41,0.36202216148376465
61,0.3356449604034424
81,0.3350708484649658
101,0.3722219467163086
121,0.3423349857330322
141,0.3454310894012451
