epoch,Data_selection_execution_time
1,0.0051419734954833984
21,0.29506897926330566
41,0.2943902015686035
61,0.284013032913208
