epoch,Data_selection_execution_time
1,0.0038111209869384766
21,0.3011472225189209
41,0.2923400402069092
61,0.28215503692626953
81,0.34165096282958984
101,5.444151878356934
121,0.2874889373779297
141,0.3084728717803955
