epoch,Data_selection_execution_time
1,0.0045850276947021484
21,0.28892016410827637
41,0.2960519790649414
61,0.33034396171569824
