epoch,Data_selection_execution_time
1,0.004570960998535156
21,18.85952091217041
41,1.4358930587768555
61,1.4625840187072754
81,1.572139024734497
101,1.4389896392822266
