epoch,Data_selection_execution_time
1,0.004546165466308594
21,1.524482011795044
41,3.6718220710754395
61,1.4987199306488037
81,1.527662754058838
101,1.526158094406128
