epoch,Data_selection_execution_time
1,0.004456996917724609
21,1.4874200820922852
41,1.423835039138794
61,1.4305620193481445
81,1.5176522731781006
101,1.4357268810272217
