epoch,Data_selection_execution_time
1,0.004700899124145508
21,1.5586531162261963
41,1.4200751781463623
61,1.4347772598266602
81,1.4910888671875
101,1.425746202468872
