epoch,Data_selection_execution_time
1,0.004516124725341797
21,3.8545339107513428
41,1.5135219097137451
61,1.49656081199646
81,1.5181550979614258
101,3.801028251647949
