epoch,Data_selection_execution_time
1,0.004784822463989258
21,1.5306329727172852
41,1.5321159362792969
61,1.48799729347229
81,1.5145390033721924
101,1.5380008220672607
