epoch,Data_selection_execution_time
1,0.0050182342529296875
21,1.58896803855896
41,1.5130078792572021
61,1.4916749000549316
81,1.5723772048950195
101,1.5040488243103027
121,1.552243947982788
141,1.5241940021514893
161,16.118773937225342
181,1.5394179821014404
201,1.516232967376709
221,1.5616929531097412
241,1.4831218719482422
261,16.466124773025513
