epoch,Data_selection_execution_time
1,0.004616260528564453
21,16.932389974594116
41,1.5080630779266357
61,1.4756238460540771
81,1.5812981128692627
101,1.4925551414489746
121,16.94360589981079
141,1.5253310203552246
161,1.4938809871673584
181,1.5655159950256348
201,1.4917278289794922
221,1.5099592208862305
241,1.5891790390014648
261,1.5081868171691895
