epoch,Data_selection_execution_time
1,0.004930019378662109
21,1.4503791332244873
41,1.500959873199463
61,1.436570167541504
81,19.19842004776001
101,1.4438660144805908
