epoch,Data_selection_execution_time
1,0.005171060562133789
21,2.7939112186431885
41,2.3734290599823
61,1.4970200061798096
81,1.631598711013794
101,1.523284912109375
