epoch,Data_selection_execution_time
1,0.005268096923828125
21,1.526108980178833
41,14.87056279182434
61,1.522387981414795
81,1.4945626258850098
101,1.5710999965667725
121,1.5006279945373535
141,16.875150203704834
161,1.579322099685669
181,1.4817261695861816
201,1.5592079162597656
221,1.5025808811187744
241,16.060625076293945
261,1.4990301132202148
