epoch,Data_selection_execution_time
1,0.004603147506713867
21,1.6193211078643799
41,1.4786350727081299
61,1.4225819110870361
81,1.4137260913848877
101,1.5034658908843994
