epoch,Data_selection_execution_time
1,0.0047109127044677734
21,1.5006251335144043
41,1.5080828666687012
61,1.5673508644104004
81,3.921058177947998
101,1.512542963027954
