epoch,Data_selection_execution_time
1,0.4764096736907959
21,31.64615511894226
41,31.846551418304443
61,31.95707082748413
81,31.010544061660767
101,31.4112708568573
121,30.767333507537842
141,30.870420694351196
