epoch,Data_selection_execution_time
1,0.47363734245300293
21,31.681050539016724
41,31.269575834274292
61,31.625461101531982
81,30.928127765655518
101,31.873773336410522
121,31.358170986175537
141,31.07779049873352
