epoch,Data_selection_execution_time
1,0.5390956401824951
21,32.29788947105408
41,31.63174343109131
61,30.66248345375061
81,31.25165057182312
101,33.27390265464783
121,31.729571104049683
141,31.02744698524475
