epoch,Data_selection_execution_time
1,0.4811415672302246
21,31.472227573394775
41,35.54341244697571
61,31.20885133743286
81,31.59437894821167
101,30.8062641620636
121,32.285048723220825
141,34.49089527130127
