epoch,Data_selection_execution_time
1,0.48410701751708984
21,32.51831889152527
41,31.079893350601196
61,30.733587980270386
81,31.246121406555176
101,31.044734716415405
121,30.65602207183838
141,30.940546989440918
