epoch,Data_selection_execution_time
1,0.4967997074127197
21,31.2124285697937
41,31.08516001701355
61,31.011056661605835
81,30.801432371139526
101,30.87231421470642
121,31.17348027229309
141,31.011414527893066
