epoch,Data_selection_execution_time
1,0.4750378131866455
21,43.42894768714905
41,32.42423105239868
61,31.192505598068237
81,32.50177073478699
101,30.869711875915527
121,33.56728792190552
141,32.92417597770691
