epoch,Data_selection_execution_time
1,0.4884481430053711
21,30.872921228408813
41,31.149590015411377
61,32.39497208595276
81,31.78270196914673
101,31.266473531723022
121,31.579188346862793
141,30.812738180160522
