epoch,Data_selection_execution_time
1,0.007186174392700195
21,0.36342287063598633
41,0.4308619499206543
61,0.35892510414123535
81,0.35825204849243164
101,0.3653571605682373
121,0.3689579963684082
141,0.35527801513671875
