epoch,Data_selection_execution_time
1,0.008679866790771484
21,0.32235288619995117
41,0.3352971076965332
61,0.3381917476654053
