epoch,Data_selection_execution_time
1,0.005953073501586914
21,0.36531996726989746
41,0.36348581314086914
61,0.36140894889831543
81,0.3619410991668701
101,0.3591318130493164
121,0.3589482307434082
141,0.3568308353424072
