epoch,Data_selection_execution_time
1,0.005106925964355469
21,0.29831886291503906
41,0.3186161518096924
61,0.3232691287994385
81,0.29915308952331543
101,0.31093883514404297
121,0.3059372901916504
141,0.2953619956970215
