epoch,Data_selection_execution_time
1,0.0055768489837646484
21,0.3156862258911133
41,0.3185238838195801
61,0.3251011371612549
