epoch,Data_selection_execution_time
1,0.005459785461425781
21,0.3078138828277588
41,0.30425405502319336
61,0.34094691276550293
