epoch,Data_selection_execution_time
1,0.005215883255004883
21,15.462705850601196
41,0.3207080364227295
61,0.312122106552124
