epoch,Data_selection_execution_time
1,0.005190134048461914
21,0.30336618423461914
41,0.30184030532836914
61,0.29961395263671875
81,0.29785799980163574
101,0.31012797355651855
121,0.29796671867370605
141,13.40181303024292
