epoch,Data_selection_execution_time
1,0.009465932846069336
21,0.32471799850463867
41,0.3368198871612549
61,0.3519251346588135
