epoch,Data_selection_execution_time
1,0.06880617141723633
21,2.0038633346557617
41,1.147390365600586
61,1.152540683746338
81,1.1529979705810547
101,1.1653404235839844
121,1.1739981174468994
141,1.2213311195373535
