epoch,Data_selection_execution_time
1,0.004925966262817383
21,1.3308868408203125
41,1.3131189346313477
61,1.3142170906066895
