epoch,Data_selection_execution_time
1,0.005682945251464844
21,1.239145040512085
41,1.243062973022461
61,8.41781997680664
81,1.2571351528167725
101,8.483582019805908
121,1.25239896774292
141,1.2700963020324707
