epoch,Data_selection_execution_time
1,0.004725217819213867
21,1.236328125
41,1.252856969833374
61,8.460134744644165
81,1.2353870868682861
101,8.575776100158691
121,1.231475830078125
141,1.298433780670166
