epoch,Data_selection_execution_time
1,0.007996082305908203
21,1.3459053039550781
41,13.135962009429932
61,1.239656925201416
