epoch,Data_selection_execution_time
1,0.0051670074462890625
21,1.2616393566131592
41,11.829211950302124
61,1.2107670307159424
81,1.309581995010376
101,1.3159210681915283
121,1.2318360805511475
141,1.3342750072479248
