epoch,Data_selection_execution_time
1,0.005621910095214844
21,1.2515418529510498
41,1.2687151432037354
61,8.304519891738892
81,1.2379848957061768
101,8.15290117263794
121,8.313778162002563
141,1.232429027557373
