epoch,Data_selection_execution_time
1,0.004601001739501953
21,1.2548480033874512
41,1.2477388381958008
61,8.942055940628052
81,1.24839186668396
101,8.882942914962769
121,1.2598671913146973
141,8.999550104141235
