epoch,Data_selection_execution_time
1,0.0052182674407958984
21,12.390191793441772
41,1.2213730812072754
61,1.234827995300293
