epoch,Data_selection_execution_time
1,0.00591278076171875
21,1.2573580741882324
41,1.235321044921875
61,11.861088991165161
