epoch,Data_selection_execution_time
1,0.005155086517333984
21,8.269766092300415
41,1.1953961849212646
61,8.508846044540405
81,1.187011957168579
101,1.2062482833862305
121,8.249170064926147
141,1.159024715423584
