epoch,Data_selection_execution_time
1,0.004957914352416992
21,1.2489831447601318
41,1.241055965423584
61,1.234443187713623
81,8.775168895721436
101,1.2533690929412842
121,8.848185300827026
141,1.2412781715393066
