epoch,Data_selection_execution_time
1,0.004384040832519531
21,1.22633695602417
41,1.2239508628845215
61,13.04650592803955
