epoch,Data_selection_execution_time
1,0.47434520721435547
21,31.25638771057129
41,31.00345730781555
61,31.023266077041626
81,31.338546752929688
101,31.188371658325195
121,31.059263706207275
141,31.009408235549927
