epoch,Data_selection_execution_time
1,0.4608113765716553
21,31.547855138778687
41,31.518370866775513
61,30.98087239265442
81,32.04122066497803
101,31.10159420967102
121,31.113630533218384
141,31.35151743888855
