epoch,Data_selection_execution_time
1,0.4698805809020996
21,31.35655164718628
41,31.764058828353882
61,31.214930057525635
81,31.387465238571167
101,31.200176000595093
121,36.381694078445435
141,31.366753578186035
