epoch,Data_selection_execution_time
1,0.47032976150512695
21,31.52731728553772
41,31.657721757888794
61,31.67730689048767
81,32.10542702674866
101,31.536935091018677
121,31.418738842010498
141,31.36587381362915
