epoch,Data_selection_execution_time
1,0.4647083282470703
21,31.24190092086792
41,32.06656241416931
61,31.465004444122314
81,31.43845510482788
101,32.432817697525024
121,31.483630895614624
141,31.441750049591064
