epoch,Data_selection_execution_time
1,0.4893515110015869
21,34.52093029022217
41,31.304596185684204
61,32.5728394985199
81,31.410105228424072
101,31.15471053123474
121,31.025516510009766
141,31.04043936729431
