epoch,Data_selection_execution_time
1,0.4583549499511719
21,31.470738887786865
41,31.35619354248047
61,31.34471583366394
81,32.41532325744629
101,34.66335940361023
121,31.63080406188965
141,32.23637294769287
