epoch,Data_selection_execution_time
1,0.47778797149658203
21,31.056338787078857
41,31.84211015701294
61,31.71251940727234
81,31.414836406707764
101,34.104873180389404
121,30.655579566955566
141,30.65137004852295
