epoch,Data_selection_execution_time
1,0.004370927810668945
21,13.311524152755737
41,6.4299468994140625
61,13.44559097290039
