epoch,Data_selection_execution_time
1,0.003773927688598633
21,13.654625177383423
41,13.721503257751465
61,13.773667097091675
