epoch,Data_selection_execution_time
1,0.003847837448120117
21,14.198818683624268
41,14.20320200920105
61,6.417075872421265
