epoch,Data_selection_execution_time
1,0.003813028335571289
21,6.444668292999268
41,13.5800199508667
61,6.467248916625977
