epoch,Data_selection_execution_time
1,0.003712177276611328
21,12.341255187988281
41,12.150861978530884
61,12.707446098327637
