epoch,Data_selection_execution_time
1,0.010341167449951172
21,14.378010034561157
41,14.321978092193604
61,7.207685708999634
