epoch,Data_selection_execution_time
1,0.0033609867095947266
21,11.993746042251587
41,12.112548112869263
61,12.021745920181274
