epoch,Data_selection_execution_time
1,0.0039501190185546875
21,14.298712968826294
41,6.453528165817261
61,14.396889686584473
