epoch,Data_selection_execution_time
1,0.004010200500488281
21,13.95085620880127
41,13.982793092727661
61,14.15500521659851
