epoch,Data_selection_execution_time
1,0.004097938537597656
21,7.265430927276611
41,14.639019012451172
61,14.686316013336182
