epoch,Data_selection_execution_time
1,0.21036434173583984
21,13.518817901611328
41,13.731477975845337
61,13.674466133117676
