epoch,Data_selection_execution_time
1,0.19650530815124512
21,12.08960509300232
41,6.435601711273193
61,13.205161094665527
