epoch,Data_selection_execution_time
1,0.0039708614349365234
21,12.82140588760376
41,6.362889289855957
61,13.042566776275635
