epoch,Data_selection_execution_time
1,0.20577478408813477
21,13.788640022277832
41,6.187432050704956
61,13.94418215751648
