epoch,Data_selection_execution_time
1,0.004144191741943359
21,14.664570093154907
41,15.004875659942627
61,15.31597113609314
