epoch,Data_selection_execution_time
1,0.011243820190429688
21,1.1995670795440674
41,1.20029616355896
61,1.1871094703674316
81,1.1883585453033447
101,1.2087035179138184
121,1.1924386024475098
141,1.189967393875122
