epoch,Data_selection_execution_time
1,0.5880711078643799
21,37.37761664390564
41,37.284926891326904
61,37.33962368965149
81,37.18048596382141
101,37.24340772628784
121,37.29218125343323
141,37.49369812011719
