epoch,Data_selection_execution_time
1,0.5825152397155762
21,37.36841416358948
41,37.431676387786865
61,37.44338059425354
81,37.26286482810974
101,37.18985199928284
121,37.16456890106201
141,37.32425355911255
