epoch,Data_selection_execution_time
1,0.6002218723297119
21,37.61150860786438
41,37.33093810081482
61,37.42082715034485
81,37.53122401237488
101,37.569971323013306
121,37.459556102752686
141,37.50684595108032
