epoch,Data_selection_execution_time
1,0.5892484188079834
21,37.27502369880676
41,37.2673773765564
61,37.33765006065369
81,37.29872727394104
101,37.24380302429199
121,37.24236559867859
141,37.135117530822754
