epoch,Data_selection_execution_time
1,0.0036821365356445312
21,1.259673833847046
41,1.2181308269500732
61,11.624184846878052
