epoch,Data_selection_execution_time
1,0.004976749420166016
21,1.2181828022003174
41,1.204232931137085
61,1.2227180004119873
81,5.031711101531982
101,1.2258269786834717
121,1.2268762588500977
141,5.050171136856079
