epoch,Data_selection_execution_time
1,0.003676891326904297
21,1.2341148853302002
41,1.2145380973815918
61,1.173367977142334
