epoch,Data_selection_execution_time
1,0.0036389827728271484
21,5.239964008331299
41,1.193221092224121
61,1.1556448936462402
81,4.938204288482666
101,1.1982810497283936
121,5.237486124038696
141,5.313198089599609
