epoch,Data_selection_execution_time
1,0.003654003143310547
21,1.1673200130462646
41,1.1784582138061523
61,10.330209016799927
