epoch,Data_selection_execution_time
1,0.0046079158782958984
21,1.205949306488037
41,1.1905710697174072
61,10.313103199005127
