epoch,Data_selection_execution_time
1,0.009293079376220703
21,7.275794744491577
41,8.23963451385498
61,8.327110052108765
81,8.301971912384033
101,8.210341215133667
121,8.234112739562988
141,7.258394718170166
