epoch,Data_selection_execution_time
1,0.00934457778930664
21,7.316176176071167
41,8.1295006275177
61,8.070785760879517
81,8.145547866821289
101,8.286078929901123
121,8.11670708656311
141,8.151506423950195
