epoch,Data_selection_execution_time
1,0.010244131088256836
21,8.8070969581604
41,7.77596640586853
61,8.979641199111938
81,7.733937501907349
101,9.024675369262695
121,7.875562906265259
141,8.943418025970459
