epoch,Data_selection_execution_time
1,0.010479211807250977
21,8.857482433319092
41,8.858879804611206
61,7.674128532409668
81,7.733875751495361
101,7.670360565185547
121,8.829312801361084
141,8.990562438964844
