epoch,Data_selection_execution_time
1,0.011443853378295898
21,8.23837924003601
41,7.2731945514678955
61,7.183433294296265
81,8.323246717453003
101,7.228848934173584
121,8.270639657974243
141,8.296817541122437
