epoch,Data_selection_execution_time
1,0.009295940399169922
21,7.234496831893921
41,7.2172956466674805
61,7.25609016418457
81,7.210028886795044
101,7.216004371643066
121,8.195040225982666
141,8.216913938522339
