epoch,Data_selection_execution_time
1,0.00807499885559082
21,8.627015113830566
41,7.682392597198486
61,7.688702583312988
81,7.671082258224487
101,7.692585706710815
121,7.698258638381958
141,7.726774215698242
