epoch,Data_selection_execution_time
1,0.010872840881347656
21,8.541944026947021
41,7.768295049667358
61,8.73910140991211
81,8.507817506790161
101,8.577718019485474
121,7.7741546630859375
141,7.765180587768555
