epoch,Data_selection_execution_time
1,0.01141667366027832
21,8.698495149612427
41,7.694177150726318
61,7.787691593170166
81,8.553220987319946
101,8.637425899505615
121,7.692807197570801
141,8.834182024002075
