epoch,Data_selection_execution_time
1,0.008356571197509766
21,8.061897993087769
41,8.087624549865723
61,8.321503400802612
81,8.273658752441406
101,8.356305122375488
121,8.219273090362549
141,8.028486013412476
