epoch,Data_selection_execution_time
1,0.004152059555053711
21,1.4568028450012207
41,1.4236609935760498
61,13.922734022140503
81,1.4189672470092773
101,1.4293169975280762
