epoch,Data_selection_execution_time
1,0.004073143005371094
21,1.481881856918335
41,1.4754338264465332
61,1.4796900749206543
81,1.475588083267212
101,2.065490961074829
