epoch,Data_selection_execution_time
1,0.003985166549682617
21,1.4872760772705078
41,1.4854910373687744
61,1.4689300060272217
81,1.4839773178100586
101,1.4816818237304688
