epoch,Data_selection_execution_time
1,0.0041201114654541016
21,1.4789049625396729
41,1.4719512462615967
61,1.4818167686462402
81,1.4833858013153076
101,1.4830358028411865
