epoch,Data_selection_execution_time
1,0.0040357112884521484
21,1.5040860176086426
41,1.4121181964874268
61,13.866788148880005
81,1.4314689636230469
101,1.4144129753112793
