epoch,Data_selection_execution_time
1,0.004220008850097656
21,1.486255168914795
41,1.437718152999878
61,1.4014909267425537
81,1.4537920951843262
101,1.4271409511566162
