epoch,Data_selection_execution_time
1,0.004291057586669922
21,13.273196935653687
41,1.4323270320892334
61,1.3991940021514893
81,1.5208141803741455
101,1.418945074081421
