epoch,Data_selection_execution_time
1,0.0036542415618896484
21,1.4920828342437744
41,1.4800019264221191
61,1.4742140769958496
81,1.4915711879730225
101,1.4821832180023193
