epoch,Data_selection_execution_time
1,0.004085063934326172
21,1.4881510734558105
41,1.4902868270874023
61,1.4755220413208008
81,2.004964828491211
101,2.010561943054199
