epoch,Data_selection_execution_time
1,0.004019021987915039
21,13.215177059173584
41,1.4144291877746582
61,1.4056100845336914
81,1.4645378589630127
101,1.4158661365509033
