epoch,Data_selection_execution_time
1,0.0039021968841552734
21,0.45850515365600586
41,0.46025586128234863
61,0.46324825286865234
81,13.8959321975708
101,0.4668538570404053
