epoch,Data_selection_execution_time
1,0.004410743713378906
21,0.5290510654449463
41,0.5236060619354248
61,0.5282421112060547
81,0.5276410579681396
101,0.5298938751220703
