epoch,Data_selection_execution_time
1,0.004183053970336914
21,0.4684278964996338
41,0.4583396911621094
61,0.46038818359375
81,0.4748878479003906
101,0.4671170711517334
