epoch,Data_selection_execution_time
1,0.0042269229888916016
21,0.4567122459411621
41,0.46663665771484375
61,0.4653618335723877
81,0.456592321395874
101,0.4615209102630615
