epoch,Data_selection_execution_time
1,0.004055976867675781
21,0.4583742618560791
41,0.45446300506591797
61,0.47698307037353516
81,0.45842909812927246
101,0.4658479690551758
