epoch,Data_selection_execution_time
1,0.0040967464447021484
21,0.5141799449920654
41,0.5023670196533203
61,0.5167648792266846
81,0.5087041854858398
101,0.5072493553161621
121,0.5225260257720947
141,0.5045628547668457
161,0.5034139156341553
181,0.5059010982513428
201,0.5031900405883789
221,0.5042088031768799
241,0.5095221996307373
261,0.5054221153259277
