epoch,Data_selection_execution_time
1,0.0049779415130615234
21,0.5054330825805664
41,0.5003821849822998
61,0.5288610458374023
81,0.5055198669433594
101,0.5042750835418701
121,8.966564178466797
141,0.4983658790588379
161,0.5021388530731201
181,0.5002729892730713
201,0.5035629272460938
221,0.5006308555603027
241,0.5013670921325684
261,0.5146167278289795
