epoch,Data_selection_execution_time
1,0.004439115524291992
21,0.5282130241394043
41,1.1223769187927246
61,0.5222547054290771
81,0.529033899307251
101,0.5313248634338379
