epoch,Data_selection_execution_time
1,0.0042378902435302734
21,0.5009760856628418
41,0.5081019401550293
61,0.5022571086883545
81,0.50325608253479
101,0.5194668769836426
121,0.502924919128418
141,0.5319559574127197
161,0.5190451145172119
181,0.4989900588989258
201,0.5376389026641846
221,0.5120062828063965
241,0.5083880424499512
261,0.49684715270996094
