epoch,Data_selection_execution_time
1,0.004526853561401367
21,0.5233118534088135
41,0.521446943283081
61,0.5232658386230469
81,0.5279068946838379
101,0.5309638977050781
