epoch,Data_selection_execution_time
1,0.0036458969116210938
21,0.5261087417602539
41,0.5275001525878906
61,0.5229527950286865
81,0.5301439762115479
101,0.5622868537902832
