epoch,Data_selection_execution_time
1,0.004341840744018555
21,0.5267598628997803
41,0.5259158611297607
61,0.5291142463684082
81,0.5287199020385742
101,0.5260758399963379
