epoch,Data_selection_execution_time
1,0.004235029220581055
21,0.4655799865722656
41,0.4638988971710205
61,0.4649848937988281
81,0.46587514877319336
101,0.4692997932434082
