epoch,Data_selection_execution_time
1,0.5838103294372559
21,42.259140491485596
41,42.06677722930908
61,42.257110834121704
81,42.23551535606384
101,42.494444131851196
121,42.367658853530884
141,42.229201316833496
