epoch,Data_selection_execution_time
1,0.6041567325592041
21,42.687901973724365
41,42.17006278038025
61,42.21552085876465
81,42.24352025985718
101,42.28899264335632
121,42.283639430999756
141,42.19747710227966
