epoch,Data_selection_execution_time
1,3.0842106342315674
21,78.2978458404541
41,42.75690174102783
61,42.844510555267334
81,42.74214839935303
101,42.725324869155884
121,43.055387020111084
141,42.790852308273315
