epoch,Data_selection_execution_time
1,0.6355948448181152
21,42.783825397491455
41,42.75746512413025
61,42.74924659729004
81,42.804975748062134
101,42.62506675720215
121,42.70098161697388
141,42.70143461227417
