epoch,Data_selection_execution_time
1,0.004941225051879883
21,0.3043820858001709
41,0.3349339962005615
61,0.31709885597229004
