epoch,Data_selection_execution_time
1,0.005151033401489258
21,0.3532562255859375
41,8.315398931503296
61,0.35799193382263184
81,0.35601115226745605
101,0.35421323776245117
121,0.35120582580566406
141,0.35053491592407227
