epoch,Data_selection_execution_time
1,0.01508188247680664
21,0.3076169490814209
41,9.241458892822266
61,0.3014531135559082
81,0.3157691955566406
101,0.3249058723449707
121,0.3144500255584717
141,0.30019307136535645
