epoch,Data_selection_execution_time
1,0.005027055740356445
21,0.3003718852996826
41,0.30774378776550293
61,0.3006749153137207
