epoch,Data_selection_execution_time
1,0.005658149719238281
21,0.32135772705078125
41,0.3040750026702881
61,0.32430529594421387
