epoch,Data_selection_execution_time
1,0.005357980728149414
21,0.35349106788635254
41,0.3514738082885742
61,0.36672520637512207
81,0.356518030166626
101,0.351581335067749
121,0.35149407386779785
141,0.357227087020874
