epoch,Data_selection_execution_time
1,0.004431009292602539
21,0.3017582893371582
41,0.3117539882659912
61,0.3342258930206299
