epoch,Data_selection_execution_time
1,0.005515098571777344
21,0.3486311435699463
41,0.35308003425598145
61,0.3529081344604492
81,0.3554668426513672
101,0.35123729705810547
121,0.35192394256591797
141,8.149273157119751
