epoch,Data_selection_execution_time
1,0.004568815231323242
21,0.2960340976715088
41,0.3009331226348877
61,0.31802797317504883
