epoch,Data_selection_execution_time
1,0.0063495635986328125
21,5.08329963684082
41,4.80049991607666
61,4.841042518615723
81,5.003380060195923
101,4.905839443206787
121,3.913148880004883
141,5.023024320602417
