epoch,Data_selection_execution_time
1,0.006279945373535156
21,3.900339126586914
41,3.9020583629608154
61,4.722201108932495
81,4.684815168380737
101,3.876589298248291
121,3.880038022994995
141,4.745618581771851
