epoch,Data_selection_execution_time
1,0.00934600830078125
21,5.206958532333374
41,5.101367712020874
61,5.86122727394104
81,5.122241973876953
101,5.085091829299927
121,5.086688280105591
141,6.030146837234497
