epoch,Data_selection_execution_time
1,0.006211519241333008
21,3.9027035236358643
41,3.884395122528076
61,3.91947078704834
81,3.9046976566314697
101,3.9155802726745605
121,5.056248426437378
141,4.853973865509033
