epoch,Data_selection_execution_time
1,0.006113290786743164
21,3.8993988037109375
41,4.767267227172852
61,3.895347833633423
81,4.702826738357544
101,3.896815299987793
121,4.709374904632568
141,3.898483991622925
