epoch,Data_selection_execution_time
1,0.006009817123413086
21,3.9460575580596924
41,5.730104207992554
61,5.101390838623047
81,5.768053293228149
101,5.160534858703613
121,5.832497835159302
141,5.125953912734985
