epoch,Data_selection_execution_time
1,0.009108543395996094
21,5.036121606826782
41,5.058332920074463
61,4.964041471481323
81,3.9043750762939453
101,5.292876482009888
121,3.875180244445801
141,3.966998815536499
