epoch,Data_selection_execution_time
1,0.009413003921508789
21,5.0710365772247314
41,5.156335353851318
61,3.928229808807373
81,3.927999973297119
101,3.9463748931884766
121,4.825013160705566
141,5.08886456489563
