epoch,Data_selection_execution_time
1,0.006623506546020508
21,3.8895926475524902
41,3.8656086921691895
61,3.9309842586517334
81,3.8699893951416016
101,3.871020555496216
121,3.8683199882507324
141,3.873609781265259
161,12.949495077133179
181,3.908555269241333
201,3.888871669769287
221,3.8725554943084717
241,3.8999886512756348
261,3.8785574436187744
281,3.8858301639556885
301,3.935516834259033
321,4.027576923370361
341,3.9642508029937744
361,3.9919536113739014
381,4.028953313827515
