epoch,Data_selection_execution_time
1,0.006438255310058594
21,3.945763349533081
41,3.933488607406616
61,4.044212818145752
81,3.9345462322235107
101,5.163517713546753
121,3.9034643173217773
141,3.9027514457702637
