epoch,Data_selection_execution_time
1,0.009350776672363281
21,6.2791407108306885
41,5.970404863357544
61,6.370225191116333
81,6.017263650894165
101,5.195464849472046
121,3.943855047225952
141,3.9428141117095947
