epoch,Data_selection_execution_time
1,0.47960972785949707
21,68.42038249969482
41,65.47814273834229
61,64.0341248512268
81,66.15101623535156
101,64.096426486969
121,63.679805755615234
141,66.55567121505737
