epoch,Data_selection_execution_time
1,0.4939892292022705
21,65.58336091041565
41,65.11803984642029
61,63.023940563201904
81,66.32353019714355
101,62.90809965133667
121,69.0872449874878
141,62.8475239276886
