epoch,Data_selection_execution_time
1,0.49341797828674316
21,62.88928270339966
41,63.100762128829956
61,64.61485767364502
81,62.638415575027466
101,62.59838795661926
121,63.378565311431885
141,62.21895694732666
