epoch,Data_selection_execution_time
1,0.483262300491333
21,63.615724086761475
41,64.72700643539429
61,63.93823504447937
81,64.72815346717834
101,65.7718095779419
121,66.44662094116211
141,64.6210777759552
