epoch,Data_selection_execution_time
1,0.4711737632751465
21,65.40873837471008
41,64.38858342170715
61,82.90074300765991
81,65.07776355743408
101,63.94824147224426
121,64.49300694465637
141,66.82642602920532
