epoch,Data_selection_execution_time
1,0.4784822463989258
21,64.87037253379822
41,66.09583163261414
61,64.18297553062439
81,63.75190448760986
101,64.21946024894714
121,64.69576525688171
141,64.73388528823853
