epoch,Data_selection_execution_time
1,0.4871993064880371
21,70.32610750198364
41,65.22618365287781
61,64.30360865592957
81,64.5355179309845
101,64.39844679832458
121,64.72278022766113
141,66.16830658912659
