epoch,Data_selection_execution_time
1,0.4786190986633301
21,64.79113435745239
41,66.69293761253357
61,66.3104829788208
81,73.26744031906128
101,68.10589647293091
121,64.03489804267883
141,69.58515095710754
