epoch,Data_selection_execution_time
1,0.008121967315673828
21,3.9668290615081787
41,6.220744609832764
61,5.55665922164917
81,3.9671082496643066
101,3.948377847671509
121,3.964186668395996
141,3.9536657333374023
