epoch,Data_selection_execution_time
1,0.008069276809692383
21,3.932767391204834
41,3.9149019718170166
61,6.304616451263428
81,3.91460919380188
101,3.921799898147583
121,3.888186454772949
141,3.8805503845214844
