epoch,Data_selection_execution_time
1,0.008505105972290039
21,3.898589849472046
41,3.893237590789795
61,3.885451078414917
81,3.873147487640381
101,3.896603584289551
121,5.755666017532349
141,6.273151159286499
