epoch,Data_selection_execution_time
1,0.008791446685791016
21,3.97111439704895
41,3.9548823833465576
61,3.992788553237915
81,4.0579307079315186
101,4.00570821762085
121,3.972132444381714
141,3.9623332023620605
161,6.479322910308838
181,5.977797746658325
201,6.797680377960205
221,6.0558507442474365
241,6.910863399505615
261,6.138857364654541
281,3.994020462036133
301,6.247060298919678
321,4.072354793548584
341,6.388751268386841
361,7.171254873275757
381,6.5676374435424805
