epoch,Data_selection_execution_time
1,0.007566690444946289
21,3.9063069820404053
41,3.90901255607605
61,5.022116422653198
81,6.580976724624634
101,5.031911849975586
121,5.046770095825195
141,3.915196180343628
