epoch,Data_selection_execution_time
1,0.5297961235046387
21,30.782017707824707
41,31.958690881729126
61,31.15361213684082
81,31.96737051010132
101,30.782529592514038
121,32.06084942817688
141,34.55444407463074
