epoch,Data_selection_execution_time
1,0.6469802856445312
21,31.17863178253174
41,42.60025453567505
61,31.36602544784546
81,31.977553367614746
101,31.082954168319702
121,31.25620675086975
141,31.543579816818237
