epoch,Data_selection_execution_time
1,0.481339693069458
21,30.479877948760986
41,31.87128448486328
61,34.547717571258545
81,31.04824686050415
101,30.77398991584778
121,30.838021516799927
141,30.874685287475586
