epoch,Data_selection_execution_time
1,0.4836714267730713
21,30.906764030456543
41,30.731359481811523
61,31.039660930633545
81,31.041979789733887
101,30.82091784477234
121,32.863520860672
141,32.26627063751221
