epoch,Data_selection_execution_time
1,0.4678375720977783
21,31.145776748657227
41,31.340019464492798
61,31.056248426437378
81,31.381384134292603
101,30.84249782562256
121,31.299694776535034
141,30.90005397796631
