epoch,Data_selection_execution_time
1,0.48170924186706543
21,30.91389012336731
41,30.91049313545227
61,31.00489354133606
81,31.628888845443726
101,31.094183921813965
121,31.27988290786743
141,31.185675144195557
