epoch,Data_selection_execution_time
1,0.4889500141143799
21,31.177433729171753
41,30.69468116760254
61,31.14503765106201
81,30.857399463653564
101,31.579236030578613
121,30.863951683044434
141,34.26918363571167
