epoch,Data_selection_execution_time
1,0.48341894149780273
21,30.903980493545532
41,31.146281719207764
61,31.089467763900757
81,31.504967212677002
101,31.66776752471924
121,31.067455053329468
141,32.1516273021698
