epoch,Data_selection_execution_time
1,0.4954385757446289
21,66.90125346183777
41,65.92061471939087
61,65.68632864952087
81,65.0776309967041
101,65.22804427146912
121,65.33356523513794
141,63.40961503982544
