epoch,Data_selection_execution_time
1,0.4713006019592285
21,65.7333664894104
41,74.56801986694336
61,65.0272958278656
81,65.53383946418762
101,65.30253434181213
121,63.42654252052307
141,64.22113275527954
