epoch,Data_selection_execution_time
1,1.6507198810577393
21,72.06937766075134
41,64.67320322990417
61,64.9654951095581
81,65.42930340766907
101,65.78776264190674
121,66.1099944114685
141,65.88211727142334
