epoch,Data_selection_execution_time
1,0.4923436641693115
21,71.86880707740784
41,66.96736240386963
61,65.87467622756958
81,65.23429608345032
101,71.31766748428345
121,70.82271313667297
141,64.77860760688782
