epoch,Data_selection_execution_time
1,0.4881153106689453
21,65.90027737617493
41,63.78917455673218
61,64.8825011253357
81,64.74439024925232
101,64.71661925315857
121,64.68359327316284
141,71.23701977729797
