epoch,Data_selection_execution_time
1,6.175364971160889
21,100.99951314926147
41,71.75664639472961
61,66.00078463554382
81,63.662891149520874
101,64.18113851547241
121,63.703429222106934
141,65.27374410629272
