epoch,Data_selection_execution_time
1,0.4779372215270996
21,64.18283319473267
41,65.48974323272705
61,66.15761995315552
81,66.29316401481628
101,64.03621792793274
121,64.66895151138306
141,64.63440656661987
