epoch,Data_selection_execution_time
1,0.48810577392578125
21,65.38525605201721
41,75.36015105247498
61,66.05913758277893
81,64.74277114868164
101,67.81485605239868
121,64.23440098762512
141,64.91770267486572
