epoch,Data_selection_execution_time
1,0.4845290184020996
21,32.08651280403137
41,31.379435539245605
61,32.63610625267029
81,32.61260461807251
101,32.19227313995361
121,31.415969848632812
141,31.45041799545288
