epoch,Data_selection_execution_time
1,0.47216129302978516
21,67.05477333068848
41,31.68338418006897
61,31.620194673538208
81,31.680163860321045
101,31.57729697227478
121,31.58371353149414
141,31.554748058319092
