epoch,Data_selection_execution_time
1,0.47742462158203125
21,32.60677123069763
41,32.93079710006714
61,32.535123109817505
81,30.911584615707397
101,31.17785406112671
121,30.766027212142944
141,30.8102605342865
