epoch,Data_selection_execution_time
1,0.4705231189727783
21,31.370575666427612
41,30.470319271087646
61,31.185999155044556
81,31.139621019363403
101,32.14780044555664
121,31.58938431739807
141,30.787611484527588
