epoch,Data_selection_execution_time
1,0.4660160541534424
21,30.886033535003662
41,30.96990466117859
61,33.029080629348755
81,33.711161375045776
101,32.31054615974426
121,33.504090785980225
141,31.769685983657837
