epoch,Data_selection_execution_time
1,0.47115588188171387
21,32.342060804367065
41,32.238521099090576
61,31.7679123878479
81,31.65257692337036
101,32.43513798713684
121,31.434067726135254
141,32.46084761619568
