epoch,Data_selection_execution_time
1,0.5050089359283447
21,32.90303587913513
41,31.862723350524902
61,31.70497727394104
81,31.475813627243042
101,31.944079637527466
121,31.486429452896118
141,31.21627163887024
