epoch,Data_selection_execution_time
1,0.5332105159759521
21,31.72739315032959
41,31.59242296218872
61,31.422689199447632
81,32.03741812705994
101,32.93087077140808
121,31.111857891082764
141,30.701887845993042
