epoch,Data_selection_execution_time
1,0.593982458114624
21,42.30049729347229
41,42.113189935684204
61,42.01657271385193
81,42.16065573692322
101,41.99970364570618
121,42.09575009346008
141,42.15413308143616
