epoch,Data_selection_execution_time
1,0.5822296142578125
21,42.279168128967285
41,42.15186047554016
61,42.157785177230835
81,42.091779470443726
101,42.14103150367737
121,42.583399057388306
141,41.97751021385193
