epoch,Data_selection_execution_time
1,0.5539782047271729
21,42.268524169921875
41,42.1434485912323
61,42.24896502494812
81,42.23767113685608
101,42.393415451049805
121,42.246500730514526
141,42.07322072982788
