epoch,Data_selection_execution_time
1,0.5981557369232178
21,42.11203408241272
41,42.09911918640137
61,42.00257468223572
81,42.06108617782593
101,42.18629050254822
121,42.27954316139221
141,42.03470802307129
