epoch,Data_selection_execution_time
1,0.012418746948242188
21,4.822191953659058
41,4.816237688064575
61,4.829119920730591
