epoch,Data_selection_execution_time
1,0.010983943939208984
21,4.570613145828247
41,4.64632511138916
61,4.614698171615601
