epoch,Data_selection_execution_time
1,0.012212038040161133
21,4.50690484046936
41,4.794762134552002
61,4.556572198867798
