epoch,Data_selection_execution_time
1,0.011610984802246094
21,4.935745000839233
41,4.840669870376587
61,4.826570987701416
