epoch,Data_selection_execution_time
1,0.012888669967651367
21,4.5174877643585205
41,4.757552146911621
61,4.578001022338867
