epoch,Data_selection_execution_time
1,0.010977029800415039
21,4.5676562786102295
41,4.584172010421753
61,4.56245231628418
