epoch,Data_selection_execution_time
1,0.01306915283203125
21,4.505192041397095
41,4.511906623840332
61,4.52457594871521
