epoch,Data_selection_execution_time
1,0.01251673698425293
21,4.805116891860962
41,4.8970019817352295
61,4.916659355163574
