epoch,Data_selection_execution_time
1,0.011650800704956055
21,4.582787036895752
41,4.587329149246216
61,4.537755966186523
