epoch,Data_selection_execution_time
1,0.010229110717773438
21,4.667256832122803
41,4.553822755813599
61,4.703777074813843
