epoch,Data_selection_execution_time
1,0.011976003646850586
21,4.786268949508667
41,4.5235209465026855
61,4.524434328079224
