epoch,Data_selection_execution_time
1,0.012346744537353516
21,4.823535680770874
41,5.076318979263306
61,4.848930835723877
