epoch,Data_selection_execution_time
1,0.011680126190185547
21,4.791029214859009
41,4.581021070480347
61,4.578770875930786
