epoch,Data_selection_execution_time
1,0.012250661849975586
21,4.528081893920898
41,4.496134042739868
61,4.536052227020264
