epoch,Data_selection_execution_time
1,0.012174844741821289
21,4.805905103683472
41,5.040231227874756
61,4.847749948501587
