epoch,Data_selection_execution_time
1,0.48171544075012207
21,70.44452285766602
41,66.02037692070007
61,65.37649154663086
81,63.2092764377594
101,63.83844184875488
121,63.026196241378784
141,64.15286111831665
