epoch,Data_selection_execution_time
1,6.133434057235718
21,71.53755187988281
41,64.08849096298218
61,62.87238430976868
81,63.01877021789551
101,62.71894073486328
121,63.13457179069519
141,66.92901659011841
