epoch,Data_selection_execution_time
1,0.47795724868774414
21,65.40025329589844
41,67.1696412563324
61,66.4381833076477
81,65.68527746200562
101,67.439861536026
121,65.6641252040863
141,63.37871837615967
