epoch,Data_selection_execution_time
1,0.5397360324859619
21,64.77162766456604
41,64.33276605606079
61,65.08542251586914
81,64.33952403068542
101,63.69443392753601
121,93.57386541366577
141,64.38978242874146
