epoch,Data_selection_execution_time
1,0.5359547138214111
21,63.674246311187744
41,63.37412214279175
61,64.03149032592773
81,63.81562399864197
101,62.67109203338623
121,63.429171085357666
141,64.20889234542847
