epoch,Data_selection_execution_time
1,0.5484795570373535
21,63.551759243011475
41,62.71575403213501
61,64.0739278793335
81,66.28516888618469
101,67.19162702560425
121,63.86793804168701
141,66.16893076896667
