epoch,Data_selection_execution_time
1,0.4826028347015381
21,65.61665534973145
41,66.45016598701477
61,63.99302649497986
81,63.34482264518738
101,62.87335920333862
121,63.51568555831909
141,64.10529398918152
