epoch,Data_selection_execution_time
1,0.48325228691101074
21,62.552711963653564
41,62.95631384849548
61,63.68128752708435
81,64.23383665084839
101,64.3925371170044
121,63.06597971916199
141,65.14747309684753
