epoch,Data_selection_execution_time
1,0.5661818981170654
21,76.36937499046326
41,76.59224820137024
61,76.41681241989136
81,77.68318462371826
101,76.8880729675293
121,76.86017227172852
141,77.34374332427979
