epoch,Data_selection_execution_time
1,0.5952622890472412
21,76.49601435661316
41,76.43850636482239
61,76.45934629440308
81,77.13508224487305
101,76.6046633720398
121,76.34182381629944
141,77.22275304794312
