epoch,Data_selection_execution_time
1,0.5807797908782959
21,77.60149335861206
41,76.81912136077881
61,76.98156070709229
81,76.97099113464355
101,77.8934485912323
121,77.3255729675293
141,77.19744777679443
