epoch,Data_selection_execution_time
1,0.5992677211761475
21,77.21542143821716
41,76.55707621574402
61,76.56760311126709
81,77.9392728805542
101,76.92257785797119
121,78.56699466705322
141,76.60308408737183
