epoch,Data_selection_execution_time
1,0.004186868667602539
21,0.41021203994750977
41,0.46827101707458496
61,0.4183211326599121
81,0.40940403938293457
101,0.40848684310913086
