epoch,Data_selection_execution_time
1,0.00400090217590332
21,0.4494771957397461
41,0.4450571537017822
61,0.45140790939331055
81,0.4477980136871338
101,0.45351505279541016
121,0.4475271701812744
141,0.44797682762145996
161,0.45979905128479004
181,0.44430088996887207
201,0.45108795166015625
221,0.4497051239013672
241,5.632863998413086
261,0.4493677616119385
