epoch,Data_selection_execution_time
1,0.003767251968383789
21,0.47463393211364746
41,0.47208380699157715
61,0.4727051258087158
81,0.4794919490814209
101,0.5089809894561768
