epoch,Data_selection_execution_time
1,0.004217863082885742
21,0.42334890365600586
41,0.4191727638244629
61,0.4093620777130127
81,0.4153459072113037
101,0.41087818145751953
