epoch,Data_selection_execution_time
1,0.004273891448974609
21,0.4844551086425781
41,0.4705040454864502
61,0.4724860191345215
81,0.47579002380371094
101,0.47150325775146484
