epoch,Data_selection_execution_time
1,0.00432896614074707
21,0.4664881229400635
41,0.5026469230651855
61,0.9162201881408691
81,0.46967601776123047
101,0.47434329986572266
