epoch,Data_selection_execution_time
1,0.004190206527709961
21,0.4212617874145508
41,0.4151439666748047
61,0.40975189208984375
81,0.4162631034851074
101,0.4171111583709717
