epoch,Data_selection_execution_time
1,0.004322052001953125
21,0.9354870319366455
41,0.47631216049194336
61,0.4772799015045166
81,0.47446298599243164
101,0.47476983070373535
