epoch,Data_selection_execution_time
1,0.003918170928955078
21,0.412977933883667
41,0.41412878036499023
61,0.4114699363708496
81,0.4121510982513428
101,11.740381956100464
