epoch,Data_selection_execution_time
1,0.0042688846588134766
21,0.46977996826171875
41,0.47481417655944824
61,0.47162508964538574
81,0.4673740863800049
101,0.4770629405975342
