epoch,Data_selection_execution_time
1,0.0038650035858154297
21,0.4819908142089844
41,12.02008318901062
61,0.41141390800476074
81,0.4081909656524658
101,0.4788401126861572
