epoch,Data_selection_execution_time
1,0.013082742691040039
21,7.68218207359314
41,7.680867671966553
61,7.691235542297363
81,7.676973342895508
101,7.67635178565979
121,9.515344142913818
141,7.681118011474609
