epoch,Data_selection_execution_time
1,0.012610912322998047
21,7.638280868530273
41,7.686262369155884
61,7.664484977722168
81,7.691663026809692
101,7.638139963150024
121,7.637229919433594
141,7.637530088424683
