epoch,Data_selection_execution_time
1,0.012937307357788086
21,7.688162565231323
41,7.692983865737915
61,7.714520692825317
81,7.690793752670288
101,7.6975648403167725
121,7.688028573989868
141,7.699694395065308
