epoch,Data_selection_execution_time
1,0.012789249420166016
21,7.67015528678894
41,9.908754825592041
61,7.634210824966431
81,7.690785646438599
101,7.665392637252808
121,7.676143407821655
141,7.6836066246032715
