epoch,Data_selection_execution_time
1,0.013106107711791992
21,9.809633255004883
41,8.308399438858032
61,8.28973913192749
81,8.307856321334839
101,8.32218861579895
121,9.82025933265686
141,8.315128803253174
