epoch,Data_selection_execution_time
1,0.014015436172485352
21,8.327542066574097
41,8.312483310699463
61,8.312490701675415
81,8.3233482837677
101,10.655710458755493
121,8.297681331634521
141,8.308441400527954
