epoch,Data_selection_execution_time
1,0.013543844223022461
21,10.359703779220581
41,8.31731629371643
61,8.303877353668213
81,8.242229700088501
101,8.303680658340454
121,8.320597887039185
141,8.325401544570923
