epoch,Data_selection_execution_time
1,0.012848854064941406
21,8.260357141494751
41,8.321542978286743
61,8.286340236663818
81,8.275678634643555
101,10.25599193572998
121,8.314102172851562
141,8.303929328918457
