epoch,Data_selection_execution_time
1,0.014620065689086914
21,10.01652216911316
41,10.350924730300903
61,8.326945543289185
81,10.415482759475708
101,9.86150574684143
121,9.805572748184204
141,10.745600700378418
