epoch,Data_selection_execution_time
1,0.009877920150756836
21,7.693249464035034
41,7.699166774749756
61,7.6824939250946045
81,7.682173728942871
101,7.6722211837768555
121,7.678611516952515
141,7.675523281097412
