epoch,Data_selection_execution_time
1,0.5878314971923828
21,99.95312333106995
41,76.6177625656128
61,76.00134611129761
81,76.2363588809967
101,76.59260296821594
121,76.09646272659302
141,75.80058574676514
