epoch,Data_selection_execution_time
1,0.015654802322387695
21,21.136182069778442
41,20.67653203010559
61,20.776256799697876
