epoch,Data_selection_execution_time
1,0.021281957626342773
21,3.9427969455718994
41,4.30184006690979
61,5.164432048797607
