epoch,Data_selection_execution_time
1,0.020237207412719727
21,4.664243936538696
41,4.639368772506714
61,8.08396291732788
