epoch,Data_selection_execution_time
1,0.015524148941040039
21,20.66945195198059
41,21.576077938079834
61,20.825407028198242
