epoch,Data_selection_execution_time
1,0.017709016799926758
21,3.8894710540771484
41,3.9535739421844482
61,4.925954818725586
