epoch,Data_selection_execution_time
1,0.16167187690734863
21,18.17422318458557
41,17.118434190750122
61,17.374671697616577
