epoch,Data_selection_execution_time
1,0.013233184814453125
21,3.7068819999694824
41,3.978079080581665
61,20.015343189239502
