epoch,Data_selection_execution_time
1,0.025259017944335938
21,20.625537872314453
41,21.319313049316406
61,21.091069221496582
