epoch,Data_selection_execution_time
1,0.011593103408813477
21,17.062252044677734
41,18.160202980041504
61,17.42566204071045
