epoch,Data_selection_execution_time
1,0.01628899574279785
21,17.734427213668823
41,16.507437705993652
61,16.369277954101562
