epoch,Data_selection_execution_time
1,0.01761794090270996
21,18.413008213043213
41,16.97112226486206
61,16.069868087768555
