epoch,Data_selection_execution_time
1,0.012602806091308594
21,20.561774015426636
41,20.374449014663696
61,19.03178095817566
