epoch,Data_selection_execution_time
1,0.019333839416503906
21,3.9815821647644043
41,4.312478065490723
61,5.080473899841309
