epoch,Data_selection_execution_time
1,0.0159151554107666
21,17.68942403793335
41,17.914142847061157
61,16.996500968933105
