epoch,Data_selection_execution_time
1,0.015463113784790039
21,21.121456146240234
41,21.282909870147705
61,20.40294599533081
