epoch,Data_selection_execution_time
1,0.010095596313476562
21,4.006232738494873
41,4.005032062530518
61,4.007350921630859
81,4.006664991378784
101,3.9993414878845215
121,4.893110275268555
141,3.993577718734741
