epoch,Data_selection_execution_time
1,0.007875442504882812
21,4.284364938735962
41,4.207356214523315
61,4.225210189819336
81,4.196261405944824
101,4.198943138122559
121,4.189479112625122
141,4.309504747390747
