epoch,Data_selection_execution_time
1,0.009757757186889648
21,4.010497093200684
41,4.748163938522339
61,4.0122904777526855
81,4.009476900100708
101,4.012462139129639
121,4.014753580093384
141,4.0652666091918945
