epoch,Data_selection_execution_time
1,0.008886098861694336
21,4.104146718978882
41,4.009845495223999
61,4.010953187942505
81,4.007228374481201
101,4.012956619262695
121,4.006070852279663
141,4.007530212402344
