epoch,Data_selection_execution_time
1,0.009829282760620117
21,4.201095104217529
41,4.195420980453491
61,4.1908838748931885
81,4.192042589187622
101,4.30362343788147
121,4.207234859466553
141,4.191214084625244
