epoch,Data_selection_execution_time
1,0.011798858642578125
21,4.195544958114624
41,4.201867341995239
61,4.2035605907440186
81,4.213799715042114
101,4.192946434020996
121,4.20173716545105
141,4.196531295776367
