epoch,Data_selection_execution_time
1,0.00905919075012207
21,4.00662088394165
41,3.9997353553771973
61,4.0094215869903564
81,4.0055091381073
101,4.014997959136963
121,4.005306243896484
141,4.007101535797119
