epoch,Data_selection_execution_time
1,0.009032487869262695
21,4.191996097564697
41,4.221701383590698
61,4.209383249282837
81,5.105444669723511
101,4.317730665206909
121,4.193483591079712
141,4.194781303405762
