epoch,Data_selection_execution_time
1,0.009026288986206055
21,4.197556495666504
41,4.205818176269531
61,4.89957594871521
81,4.207843542098999
101,4.189396858215332
121,5.123739242553711
141,4.2037084102630615
