epoch,Data_selection_execution_time
1,0.009265899658203125
21,4.004749059677124
41,4.016222715377808
61,4.013128995895386
81,4.013697624206543
101,4.006099462509155
121,4.01106595993042
141,4.007875680923462
