epoch,Data_selection_execution_time
1,0.016614437103271484
21,8.528043746948242
41,11.674687385559082
61,8.524533033370972
81,8.520390033721924
101,8.509570121765137
121,8.527323007583618
141,8.522885084152222
