epoch,Data_selection_execution_time
1,0.01785445213317871
21,9.345976829528809
41,12.140283823013306
61,9.334362983703613
81,9.340912342071533
101,9.332607746124268
121,9.30846095085144
141,9.344487190246582
