epoch,Data_selection_execution_time
1,0.015174150466918945
21,11.441828727722168
41,12.449097633361816
61,9.342473268508911
81,9.347033739089966
101,9.35350489616394
121,9.33702540397644
141,9.359806776046753
