epoch,Data_selection_execution_time
1,0.017765283584594727
21,9.316571235656738
41,9.260134935379028
61,9.278905868530273
81,9.299702882766724
101,12.51706075668335
121,13.315482139587402
141,9.286132574081421
