epoch,Data_selection_execution_time
1,0.017114639282226562
21,8.532209157943726
41,8.53238821029663
61,8.514524936676025
81,8.524911880493164
101,8.753251791000366
121,8.518470048904419
141,8.526171922683716
