epoch,Data_selection_execution_time
1,0.016947031021118164
21,8.537027835845947
41,8.745198011398315
61,8.538321018218994
81,10.723397970199585
101,8.577507257461548
121,8.518879413604736
141,8.53959321975708
