epoch,Data_selection_execution_time
1,0.01954483985900879
21,9.356112241744995
41,9.327562093734741
61,11.881667375564575
81,9.344599485397339
101,12.789965629577637
121,9.350435733795166
141,9.332247495651245
