epoch,Data_selection_execution_time
1,0.017029762268066406
21,8.740488052368164
41,11.586824417114258
61,8.533447504043579
81,8.531205415725708
101,11.680720567703247
121,8.736307859420776
141,8.508499383926392
