epoch,Data_selection_execution_time
1,0.019341230392456055
21,8.538214445114136
41,8.524970293045044
61,11.51519513130188
81,8.523627758026123
101,8.533504962921143
121,8.520509958267212
141,8.533844709396362
