epoch,Data_selection_execution_time
1,0.017566919326782227
21,13.634324312210083
41,9.349756240844727
61,9.379304647445679
81,9.370038747787476
101,12.923463821411133
121,9.338923931121826
141,9.333507299423218
