epoch,Data_selection_execution_time
1,0.003926992416381836
21,3.3030343055725098
41,3.2621757984161377
61,3.2259461879730225
