epoch,Data_selection_execution_time
1,0.0041637420654296875
21,3.202014923095703
41,3.3189408779144287
61,3.2432119846343994
