epoch,Data_selection_execution_time
1,0.0041179656982421875
21,3.990433931350708
41,3.907917022705078
61,3.9273910522460938
