epoch,Data_selection_execution_time
1,0.0038793087005615234
21,3.9111318588256836
41,3.927650213241577
61,3.9176230430603027
