epoch,Data_selection_execution_time
1,0.0037190914154052734
21,3.8696069717407227
41,3.9638991355895996
61,3.9219179153442383
