epoch,Data_selection_execution_time
1,0.0314481258392334
21,4.512720823287964
41,4.7740747928619385
61,4.225852966308594
