epoch,Data_selection_execution_time
1,0.003797292709350586
21,3.918299913406372
41,3.8756959438323975
61,3.883715867996216
