epoch,Data_selection_execution_time
1,0.0036208629608154297
21,3.9369029998779297
41,3.9069912433624268
61,3.926882028579712
