epoch,Data_selection_execution_time
1,0.0036110877990722656
21,3.939785957336426
41,3.964246988296509
61,3.9324238300323486
