epoch,Data_selection_execution_time
1,0.0037620067596435547
21,3.308651924133301
41,3.3110172748565674
61,3.2439680099487305
