epoch,Data_selection_execution_time
1,0.004453897476196289
21,3.382615089416504
41,3.2295398712158203
61,3.2410030364990234
