epoch,Data_selection_execution_time
1,0.004354953765869141
21,3.8576669692993164
41,3.897705078125
61,3.892077922821045
