epoch,Data_selection_execution_time
1,0.0326998233795166
21,4.30220103263855
41,4.354230880737305
61,3.980369806289673
