epoch,Data_selection_execution_time
1,0.032952070236206055
21,3.445621967315674
41,3.5814621448516846
61,3.29050612449646
