epoch,Data_selection_execution_time
1,0.0037648677825927734
21,3.9152889251708984
41,3.9023280143737793
61,3.8940529823303223
