epoch,Data_selection_execution_time
1,0.0074956417083740234
21,13.295629739761353
41,12.922282218933105
61,13.46861720085144
81,12.92832899093628
101,13.546015501022339
121,12.945215940475464
141,13.31646466255188
