epoch,Data_selection_execution_time
1,0.011435747146606445
21,12.987377643585205
41,12.391674041748047
61,12.497596740722656
81,12.479490041732788
101,12.728829383850098
121,12.242273092269897
141,12.759353637695312
