epoch,Data_selection_execution_time
1,0.007785320281982422
21,12.775235891342163
41,12.469055414199829
61,12.856721878051758
81,12.878202676773071
101,12.48871374130249
121,12.85404658317566
141,12.894274711608887
