epoch,Data_selection_execution_time
1,0.007848262786865234
21,14.07799243927002
41,13.581157207489014
61,13.824970483779907
81,13.042505025863647
101,14.504881620407104
121,13.749514102935791
141,14.078976154327393
