epoch,Data_selection_execution_time
1,0.0073642730712890625
21,13.62129807472229
41,13.138960838317871
61,14.093493461608887
81,13.211271286010742
101,13.909720182418823
121,13.265769958496094
141,13.191608905792236
