epoch,Data_selection_execution_time
1,0.00796365737915039
21,13.032065629959106
41,12.987327337265015
61,12.570312738418579
81,13.226746082305908
101,12.599016904830933
121,13.138537883758545
141,12.623444080352783
