epoch,Data_selection_execution_time
1,0.007886648178100586
21,14.55333423614502
41,13.278401851654053
61,13.425611019134521
81,13.334765672683716
101,12.73619294166565
121,13.639751195907593
141,12.787298917770386
