epoch,Data_selection_execution_time
1,0.013117074966430664
21,13.67286992073059
41,13.84310245513916
61,13.906698942184448
81,13.690522909164429
101,13.589333295822144
121,13.756869792938232
141,12.804571866989136
