epoch,Data_selection_execution_time
1,0.01181340217590332
21,13.363534688949585
41,13.114032983779907
61,13.201165676116943
81,13.232248067855835
101,13.294464349746704
121,13.20924711227417
141,13.38314414024353
