epoch,Data_selection_execution_time
1,0.007609367370605469
21,13.397392272949219
41,13.218448400497437
61,13.266852617263794
81,13.410392045974731
101,13.482288837432861
121,14.315349340438843
141,15.462457180023193
