epoch,Data_selection_execution_time
1,0.012947559356689453
21,14.226953268051147
41,14.165645837783813
61,14.093698263168335
81,16.02721667289734
101,13.82668399810791
121,14.571890115737915
141,13.573298215866089
