epoch,Data_selection_execution_time
1,0.01419377326965332
21,14.772291898727417
41,14.176622152328491
61,14.247377157211304
81,15.576730728149414
101,14.267558097839355
121,15.062440633773804
141,14.228187322616577
