epoch,Data_selection_execution_time
1,0.013504981994628906
21,14.894920825958252
41,13.948793172836304
61,13.789817094802856
81,14.105257272720337
101,13.760955572128296
121,14.140878200531006
141,14.020268440246582
