epoch,Data_selection_execution_time
1,0.011992216110229492
21,13.588468074798584
41,15.900957822799683
61,13.559736013412476
81,13.96147084236145
101,13.808797359466553
121,13.88437557220459
141,13.986255645751953
