epoch,Data_selection_execution_time
1,0.011687517166137695
21,16.05787944793701
41,14.112900495529175
61,14.099576234817505
81,14.123901605606079
101,14.115051746368408
121,14.746246814727783
141,15.005077838897705
