epoch,Data_selection_execution_time
1,0.012059450149536133
21,13.564086675643921
41,14.569720983505249
61,13.64069390296936
81,13.574831485748291
101,14.21105408668518
121,13.755677700042725
141,14.071310758590698
