epoch,Data_selection_execution_time
1,0.010073184967041016
21,14.387206315994263
41,15.518484592437744
61,16.68555784225464
81,15.897393226623535
101,14.012409925460815
121,14.583896398544312
141,14.682477712631226
