epoch,Data_selection_execution_time
1,0.01278376579284668
21,14.330581903457642
41,14.39868426322937
61,15.29794454574585
81,14.624878883361816
101,14.935932636260986
121,14.364263534545898
141,15.241032600402832
