epoch,Data_selection_execution_time
1,0.015317916870117188
21,15.005962610244751
41,14.251018524169922
61,15.717124223709106
81,14.291715621948242
101,14.636586427688599
121,15.183302164077759
141,14.35743236541748
