epoch,Data_selection_execution_time
1,0.010526895523071289
21,13.346792697906494
41,15.921594381332397
61,14.89572787284851
81,14.328725814819336
101,13.506524801254272
121,14.359638452529907
141,14.083829164505005
