epoch,Data_selection_execution_time
1,0.4677586555480957
21,32.09222674369812
41,31.75625705718994
61,32.88008975982666
81,31.35498356819153
101,31.533466577529907
121,31.575693130493164
141,32.11278009414673
