epoch,Data_selection_execution_time
1,0.4552128314971924
21,31.209497928619385
41,33.358219623565674
61,31.094285249710083
81,32.0133855342865
101,31.439074516296387
121,31.062978267669678
141,30.79331636428833
