epoch,Data_selection_execution_time
1,0.4692537784576416
21,32.53049349784851
41,32.1472806930542
61,33.953906536102295
81,37.43505263328552
101,34.32132887840271
121,31.958393573760986
141,32.04913902282715
