epoch,Data_selection_execution_time
1,0.48524951934814453
21,33.53808569908142
41,32.03046631813049
61,31.71281361579895
81,31.53268313407898
101,31.490833520889282
121,31.5926992893219
141,32.49303436279297
