epoch,Data_selection_execution_time
1,0.47542238235473633
21,31.855020999908447
41,32.769237995147705
61,33.00930333137512
81,32.44414830207825
101,32.544227838516235
121,32.43374562263489
141,31.822577714920044
