epoch,Data_selection_execution_time
1,0.4768366813659668
21,31.158262014389038
41,31.64611792564392
61,32.23467183113098
81,30.698304414749146
101,31.29664635658264
121,31.522375106811523
141,30.855767250061035
