epoch,Data_selection_execution_time
1,0.4626798629760742
21,30.749288082122803
41,30.999186515808105
61,31.133716821670532
81,31.476940631866455
101,34.418370723724365
121,30.803919076919556
141,31.167274713516235
