epoch,Data_selection_execution_time
1,0.483475923538208
21,30.271443367004395
41,31.316589832305908
61,31.65357232093811
81,30.95171809196472
101,31.250963926315308
121,32.85766100883484
141,31.916110277175903
