epoch,Data_selection_execution_time
1,0.003966808319091797
21,3.946648120880127
41,4.275038003921509
61,4.039356708526611
