epoch,Data_selection_execution_time
1,0.004027843475341797
21,3.928433895111084
41,4.224261045455933
61,4.006770849227905
