epoch,Data_selection_execution_time
1,0.004021644592285156
21,3.809609889984131
41,3.975811719894409
61,3.9975779056549072
