epoch,Data_selection_execution_time
1,0.20968890190124512
21,4.030071020126343
41,3.978494167327881
61,4.245038032531738
