epoch,Data_selection_execution_time
1,0.024938106536865234
21,3.96852707862854
41,3.920073986053467
61,4.008316993713379
