epoch,Data_selection_execution_time
1,0.004186153411865234
21,3.6090781688690186
41,3.9515788555145264
61,3.9597949981689453
