epoch,Data_selection_execution_time
1,0.004361152648925781
21,4.208238124847412
41,3.944955825805664
61,3.954479217529297
