epoch,Data_selection_execution_time
1,0.20430994033813477
21,3.924191951751709
41,4.21309494972229
61,3.992902994155884
