epoch,Data_selection_execution_time
1,0.0038509368896484375
21,3.947481632232666
41,3.924177885055542
61,3.930356025695801
