epoch,Data_selection_execution_time
1,0.004423856735229492
21,3.96596097946167
41,3.992518901824951
61,4.07383394241333
