epoch,Data_selection_execution_time
1,0.0040438175201416016
21,3.8490617275238037
41,3.58787202835083
61,3.574774980545044
