epoch,Data_selection_execution_time
1,0.0040738582611083984
21,4.259387016296387
41,3.9614040851593018
61,3.992081880569458
