epoch,Data_selection_execution_time
1,0.003957986831665039
21,3.946908950805664
41,3.9732940196990967
61,3.9441463947296143
