epoch,Data_selection_execution_time
1,0.00394892692565918
21,3.822190999984741
41,3.981555938720703
61,3.9905941486358643
