epoch,Data_selection_execution_time
1,0.004267692565917969
21,4.019094944000244
41,4.234626054763794
61,4.000766038894653
