epoch,Data_selection_execution_time
1,0.00772547721862793
21,7.208689451217651
41,7.167191028594971
61,7.194973945617676
81,7.196025609970093
101,7.166066884994507
121,7.165660858154297
141,7.170936346054077
