epoch,Data_selection_execution_time
1,0.008202791213989258
21,7.795168161392212
41,7.850694894790649
61,7.827288627624512
81,8.484652042388916
101,7.844070672988892
121,7.845372915267944
141,7.840728521347046
