epoch,Data_selection_execution_time
1,0.007523298263549805
21,7.166121482849121
41,7.1727135181427
61,7.819674015045166
81,7.208600044250488
101,7.859082937240601
121,7.920165300369263
141,7.169047594070435
