epoch,Data_selection_execution_time
1,0.0074253082275390625
21,7.19114351272583
41,7.182222843170166
61,7.592222452163696
81,7.197033405303955
101,7.7000792026519775
121,7.815883159637451
141,7.200919151306152
