epoch,Data_selection_execution_time
1,0.007596492767333984
21,7.799073934555054
41,7.168678283691406
61,7.7306809425354
81,7.202000379562378
101,7.168701171875
121,7.946882009506226
141,7.207018613815308
