epoch,Data_selection_execution_time
1,0.01141047477722168
21,8.26719355583191
41,7.8158791065216064
61,7.814637184143066
81,8.159397602081299
101,7.835491895675659
121,7.834501266479492
141,7.801921844482422
