epoch,Data_selection_execution_time
1,0.008243799209594727
21,7.863971710205078
41,7.85644268989563
61,7.845450162887573
81,7.865229845046997
101,8.545547723770142
121,8.836888313293457
141,7.84470272064209
