epoch,Data_selection_execution_time
1,0.011989355087280273
21,8.885042905807495
41,7.148663282394409
61,7.4077231884002686
81,7.191019535064697
101,7.162125825881958
121,7.436744928359985
141,7.197307586669922
