epoch,Data_selection_execution_time
1,0.010609865188598633
21,7.919887065887451
41,8.255568981170654
61,8.617047309875488
81,7.890721321105957
101,8.343228340148926
121,8.424651384353638
141,7.837275743484497
