epoch,Data_selection_execution_time
1,0.00765681266784668
21,7.858426094055176
41,7.876341342926025
61,7.8123393058776855
81,7.874003648757935
101,7.859071493148804
121,8.27775526046753
141,7.891331195831299
