epoch,Data_selection_execution_time
1,0.4746572971343994
21,30.92908239364624
41,31.083379983901978
61,31.00277328491211
81,30.84626817703247
101,30.82608985900879
121,30.978883504867554
141,31.63753032684326
