epoch,Data_selection_execution_time
1,0.48064613342285156
21,31.608691692352295
41,32.35932683944702
61,31.35179376602173
81,31.37809443473816
101,31.480602979660034
121,31.158669471740723
141,32.654362201690674
