epoch,Data_selection_execution_time
1,5.998119115829468
21,66.13673496246338
41,31.76674509048462
61,31.496024131774902
81,31.522913694381714
101,32.162153244018555
121,31.063008069992065
141,31.691407680511475
