epoch,Data_selection_execution_time
1,0.46819376945495605
21,31.63595676422119
41,31.804388284683228
61,32.124184370040894
81,30.58397102355957
101,31.095244884490967
121,30.577027797698975
141,31.095811367034912
