epoch,Data_selection_execution_time
1,0.47568559646606445
21,31.562278270721436
41,30.69189715385437
61,31.82910418510437
81,33.50501823425293
101,31.01358985900879
121,31.731324911117554
141,31.011871814727783
