epoch,Data_selection_execution_time
1,0.4707927703857422
21,31.383720636367798
41,31.257227659225464
61,31.01510262489319
81,31.679306745529175
101,31.60678005218506
121,31.396206855773926
141,31.360671520233154
