epoch,Data_selection_execution_time
1,0.5229353904724121
21,31.03757953643799
41,31.108678102493286
61,31.103753328323364
81,31.036768436431885
101,30.820339918136597
121,30.892693996429443
141,30.936199188232422
