epoch,Data_selection_execution_time
1,7.555663108825684
21,111.8947114944458
41,31.367717504501343
61,30.614099502563477
81,31.26915955543518
101,31.0925612449646
121,31.165726900100708
141,31.141451358795166
