epoch,Data_selection_execution_time
1,0.47041773796081543
21,68.79065227508545
41,85.44623517990112
61,64.7111222743988
81,63.555185079574585
101,64.11385798454285
121,65.87371945381165
141,64.613694190979
