epoch,Data_selection_execution_time
1,0.479748010635376
21,65.14055061340332
41,64.48270630836487
61,64.27661061286926
81,63.429237604141235
101,63.83575940132141
121,63.382219314575195
141,64.89817333221436
