epoch,Data_selection_execution_time
1,0.4825141429901123
21,65.97377943992615
41,63.64522361755371
61,63.54064655303955
81,70.93749690055847
101,63.4490761756897
121,62.67233753204346
141,65.87829375267029
