epoch,Data_selection_execution_time
1,0.46840858459472656
21,64.67633700370789
41,63.932456970214844
61,67.39787173271179
81,65.25446510314941
101,66.01278400421143
121,64.415114402771
141,63.93682885169983
