epoch,Data_selection_execution_time
1,0.47203946113586426
21,65.31721138954163
41,64.91781377792358
61,66.10760807991028
81,67.28539371490479
101,65.24767303466797
121,66.45445656776428
141,65.29121923446655
