epoch,Data_selection_execution_time
1,0.4795346260070801
21,63.42515468597412
41,64.57119536399841
61,66.12437582015991
81,63.944831132888794
101,64.05006909370422
121,65.32688045501709
141,64.6195776462555
