epoch,Data_selection_execution_time
1,0.49222612380981445
21,63.24812865257263
41,66.27548837661743
61,64.14298605918884
81,66.2561993598938
101,63.89299654960632
121,64.12199783325195
141,63.657119274139404
