epoch,Data_selection_execution_time
1,0.5351195335388184
21,64.12247943878174
41,64.0195369720459
61,64.34063243865967
81,64.2122905254364
101,65.12073278427124
121,63.99673390388489
141,63.05756092071533
