epoch,Data_selection_execution_time
1,0.011334896087646484
21,14.641189336776733
41,13.822890043258667
61,13.625937938690186
81,14.686816453933716
101,13.638205528259277
121,13.783286809921265
141,13.810613870620728
