epoch,Data_selection_execution_time
1,0.009366750717163086
21,13.035580396652222
41,14.012940883636475
61,13.504568815231323
81,12.996920347213745
101,13.015839338302612
121,14.65969181060791
141,13.080727577209473
