epoch,Data_selection_execution_time
1,0.010030269622802734
21,13.991462469100952
41,13.175477027893066
61,13.42370080947876
81,13.447803020477295
101,13.497216701507568
121,14.927956819534302
141,13.3538498878479
