epoch,Data_selection_execution_time
1,0.01007986068725586
21,13.149234771728516
41,13.597373247146606
61,13.351964712142944
81,13.135190486907959
101,13.189277172088623
121,14.139593362808228
141,14.208604335784912
