epoch,Data_selection_execution_time
1,0.009203672409057617
21,16.039642572402954
41,15.09635329246521
61,13.760327339172363
81,13.687103986740112
101,13.759747505187988
121,14.990035772323608
141,15.309168338775635
