epoch,Data_selection_execution_time
1,0.009146690368652344
21,13.200310230255127
41,14.296822309494019
61,15.113648653030396
81,15.077408075332642
101,15.113563537597656
121,14.97144627571106
141,13.195823669433594
