epoch,Data_selection_execution_time
1,0.008100032806396484
21,13.863284349441528
41,13.75940752029419
61,13.309125423431396
81,12.900346040725708
101,12.862152099609375
121,13.038411855697632
141,13.806648015975952
