epoch,Data_selection_execution_time
1,0.010353326797485352
21,13.466802835464478
41,13.618196964263916
61,13.38119649887085
81,15.597691297531128
101,14.717974662780762
121,13.511840105056763
141,13.657678365707397
