epoch,Data_selection_execution_time
1,0.009693384170532227
21,14.497693300247192
41,14.86973261833191
61,13.566737413406372
81,14.760547399520874
101,14.74899435043335
121,14.460215091705322
141,14.523397207260132
