epoch,Data_selection_execution_time
1,0.011940717697143555
21,13.938554763793945
41,15.456327438354492
61,15.13375473022461
81,14.597997188568115
101,13.845944166183472
121,15.184481382369995
141,14.261516809463501
