epoch,Data_selection_execution_time
1,0.011914968490600586
21,19.367113828659058
41,20.492345094680786
61,6.67133903503418
