epoch,Data_selection_execution_time
1,0.011924028396606445
21,19.65890598297119
41,6.722024917602539
61,6.919275999069214
