epoch,Data_selection_execution_time
1,0.011226892471313477
21,15.865823984146118
41,15.96107792854309
61,16.166614055633545
