epoch,Data_selection_execution_time
1,0.010599374771118164
21,6.656080961227417
41,6.6733598709106445
61,6.66452693939209
