epoch,Data_selection_execution_time
1,0.011819839477539062
21,18.675135850906372
41,18.719855070114136
61,18.826152801513672
