epoch,Data_selection_execution_time
1,0.011039972305297852
21,16.742812871932983
41,6.558841228485107
61,16.95343828201294
