epoch,Data_selection_execution_time
1,0.012491941452026367
21,18.533250093460083
41,19.209686994552612
61,19.361878156661987
