epoch,Data_selection_execution_time
1,0.01065826416015625
21,16.732744932174683
41,16.839509963989258
61,6.461650133132935
