epoch,Data_selection_execution_time
1,0.012566804885864258
21,19.79246711730957
41,7.018681764602661
61,7.279782056808472
