epoch,Data_selection_execution_time
1,0.009663105010986328
21,16.779716968536377
41,16.504937410354614
61,6.224142074584961
