epoch,Data_selection_execution_time
1,0.01124882698059082
21,15.948132753372192
41,6.452923059463501
61,16.453054189682007
