epoch,Data_selection_execution_time
1,0.011425018310546875
21,18.963114023208618
41,19.099967002868652
61,19.575324296951294
