epoch,Data_selection_execution_time
1,0.012198925018310547
21,19.53547692298889
41,19.54211926460266
61,7.075885772705078
