epoch,Data_selection_execution_time
1,0.010978221893310547
21,6.986461877822876
41,6.920473098754883
61,6.996617078781128
