epoch,Data_selection_execution_time
1,0.011976003646850586
21,18.752015113830566
41,19.140495777130127
61,18.942392110824585
