epoch,Data_selection_execution_time
1,0.007124900817871094
21,3.8945672512054443
41,3.89815092086792
61,4.038867712020874
81,6.5521910190582275
101,5.037446022033691
121,5.487838506698608
141,3.9029791355133057
