epoch,Data_selection_execution_time
1,0.007139682769775391
21,3.951127052307129
41,4.028377532958984
61,5.212189197540283
81,3.968346357345581
101,5.221243143081665
121,5.137998580932617
141,5.2428436279296875
