epoch,Data_selection_execution_time
1,0.010175704956054688
21,4.092686414718628
41,4.059563398361206
61,4.012958526611328
81,4.024884939193726
101,3.9625465869903564
121,3.954031229019165
141,12.584117889404297
161,3.967458724975586
181,3.9439940452575684
201,3.939734935760498
221,3.929176092147827
241,3.9357945919036865
261,3.9477193355560303
281,12.62729287147522
301,3.9438695907592773
321,4.008131504058838
341,4.00721549987793
361,3.941643714904785
381,3.9414098262786865
