epoch,Data_selection_execution_time
1,0.008203268051147461
21,3.9944303035736084
41,3.9631597995758057
61,13.981436729431152
81,3.9655401706695557
101,3.9459240436553955
121,3.963932514190674
141,4.0089545249938965
161,3.9507875442504883
181,3.998256206512451
201,4.012753248214722
221,3.989466905593872
241,4.041792154312134
261,3.976278305053711
281,4.005374431610107
301,4.012946128845215
321,14.605223894119263
341,4.2494518756866455
361,4.177119493484497
381,4.028704643249512
