epoch,Data_selection_execution_time
1,0.0067942142486572266
21,3.9163832664489746
41,4.977254152297974
61,3.940979242324829
81,3.948030948638916
101,3.926771402359009
121,3.959500551223755
141,3.9507079124450684
