epoch,Data_selection_execution_time
1,0.010274171829223633
21,3.9739503860473633
41,3.9741170406341553
61,5.4107985496521
81,3.966050624847412
101,3.942188024520874
121,5.319592475891113
141,3.9473557472229004
