epoch,Data_selection_execution_time
1,0.5937216281890869
21,77.57948136329651
41,77.2610354423523
61,77.59093952178955
81,78.45552563667297
101,77.23428225517273
121,77.22852778434753
141,78.09291577339172
