epoch,Data_selection_execution_time
1,0.5792901515960693
21,78.09765386581421
41,78.54557156562805
61,78.3459484577179
81,77.09277439117432
101,77.1435911655426
121,77.87204027175903
141,79.14384841918945
