epoch,Data_selection_execution_time
1,0.5867650508880615
21,78.15024447441101
41,76.71262121200562
61,77.28346228599548
81,77.06230568885803
101,77.90013861656189
121,78.37638115882874
141,77.29413938522339
