epoch,Data_selection_execution_time
1,0.5874831676483154
21,77.55884718894958
41,77.07924008369446
61,76.75705289840698
81,77.58034062385559
101,76.98097896575928
121,78.35577917098999
141,76.9373106956482
