epoch,Data_selection_execution_time
1,0.007508516311645508
21,8.281860113143921
41,8.271260023117065
61,8.33833646774292
81,7.725397109985352
101,7.745867013931274
121,7.680677175521851
141,8.396215677261353
