epoch,Data_selection_execution_time
1,0.007989883422851562
21,7.9382123947143555
41,7.253753662109375
61,7.850143194198608
81,8.032825946807861
101,7.8888890743255615
121,7.917901515960693
141,8.149926900863647
