epoch,Data_selection_execution_time
1,0.007700681686401367
21,7.26175856590271
41,7.853187561035156
61,7.835828065872192
81,7.864264249801636
101,7.865699291229248
121,7.99118447303772
141,7.23448634147644
