epoch,Data_selection_execution_time
1,0.008016109466552734
21,7.858230352401733
41,8.085537672042847
61,7.923018455505371
81,8.058991432189941
101,8.205703973770142
121,8.05600118637085
141,7.98405909538269
