epoch,Data_selection_execution_time
1,0.006705760955810547
21,8.282758712768555
41,8.304880857467651
61,8.243957996368408
81,8.247619390487671
101,7.7194671630859375
121,8.370210886001587
141,8.290077924728394
