epoch,Data_selection_execution_time
1,0.007170915603637695
21,8.40400218963623
41,8.486694574356079
61,8.44678544998169
81,8.502006530761719
101,8.373728036880493
121,8.462204933166504
141,7.8042402267456055
