epoch,Data_selection_execution_time
1,0.00828099250793457
21,7.885143995285034
41,7.917129993438721
61,8.235145568847656
81,8.022208213806152
101,8.08201003074646
121,8.111442565917969
141,8.247308015823364
