epoch,Data_selection_execution_time
1,0.0069806575775146484
21,7.9532310962677
41,7.834816932678223
61,7.774770736694336
81,8.006560564041138
101,7.901751518249512
121,7.837559700012207
141,7.8582680225372314
