epoch,Data_selection_execution_time
1,0.00765228271484375
21,8.262906789779663
41,8.294340372085571
61,8.305420160293579
81,8.370103120803833
101,8.208406448364258
121,8.300445556640625
141,8.311331748962402
