epoch,Data_selection_execution_time
1,0.007315158843994141
21,7.773495435714722
41,7.792265176773071
61,7.730334758758545
81,7.8262457847595215
101,8.442171573638916
121,7.733931303024292
141,8.345925331115723
