epoch,Data_selection_execution_time
1,0.006690263748168945
21,1.1775152683258057
41,1.1827363967895508
61,1.1828892230987549
81,1.1808090209960938
101,1.1889591217041016
121,1.1895794868469238
141,1.1868178844451904
