epoch,Data_selection_execution_time
1,0.010121345520019531
21,1.282090663909912
41,1.2987840175628662
61,1.2692275047302246
81,1.27065110206604
101,1.2714991569519043
121,1.275536060333252
141,1.2914326190948486
161,1.294706106185913
181,1.2975060939788818
201,1.289043664932251
221,1.2896924018859863
241,1.2774906158447266
261,1.2749695777893066
281,1.3318595886230469
301,1.3003909587860107
321,1.2805862426757812
341,1.2917685508728027
361,1.2911701202392578
381,1.2954907417297363
