epoch,Data_selection_execution_time
1,0.012794017791748047
21,8.350356578826904
41,8.510429859161377
61,8.345731735229492
81,10.045427322387695
101,8.345277547836304
121,8.340336322784424
141,10.236922264099121
