epoch,Data_selection_execution_time
1,0.014221906661987305
21,11.46357274055481
41,9.112765073776245
61,10.839889526367188
81,9.14720892906189
101,10.757386922836304
121,9.156391620635986
141,11.502776384353638
