epoch,Data_selection_execution_time
1,0.012573719024658203
21,8.35508418083191
41,8.360615491867065
61,10.925315856933594
81,8.349648714065552
101,8.351872682571411
121,8.354996681213379
141,8.363281488418579
