epoch,Data_selection_execution_time
1,0.01330113410949707
21,8.36943244934082
41,8.50086236000061
61,8.36699390411377
81,8.353713512420654
101,8.36857008934021
121,11.221544981002808
141,8.356940984725952
