epoch,Data_selection_execution_time
1,0.015177488327026367
21,9.150897026062012
41,10.611777305603027
61,9.155922174453735
81,9.116782188415527
101,9.141523599624634
121,9.15058183670044
141,9.136269569396973
