epoch,Data_selection_execution_time
1,0.01752471923828125
21,10.080384731292725
41,10.016246795654297
61,8.342585802078247
81,8.504153966903687
101,8.34207010269165
121,8.347464084625244
141,8.353283405303955
