epoch,Data_selection_execution_time
1,0.012272357940673828
21,9.193866729736328
41,9.16499638557434
61,9.135875701904297
81,9.148341417312622
101,11.045133352279663
121,9.17228364944458
141,9.143288135528564
