epoch,Data_selection_execution_time
1,0.016434669494628906
21,9.17953610420227
41,11.72325325012207
61,9.167512655258179
81,9.169861316680908
101,9.162826776504517
121,9.160122394561768
141,9.152920484542847
