epoch,Data_selection_execution_time
1,0.009981155395507812
21,9.159241199493408
41,9.150744438171387
61,9.1642746925354
81,9.164302349090576
101,9.147521495819092
121,9.116093635559082
141,9.141287326812744
