epoch,Data_selection_execution_time
1,0.01009988784790039
21,8.356224775314331
41,8.346794366836548
61,8.348173379898071
81,8.354156970977783
101,8.349529266357422
121,8.33713173866272
141,8.506426334381104
