epoch,Data_selection_execution_time
1,0.010917901992797852
21,4.178715944290161
41,4.179649591445923
61,4.17645788192749
81,4.176893472671509
101,4.180681943893433
121,4.185886383056641
141,4.195811748504639
