epoch,Data_selection_execution_time
1,0.011801004409790039
21,4.393267631530762
41,4.383594751358032
61,4.380852699279785
81,4.379019498825073
101,4.375815391540527
121,4.373245477676392
141,4.37658429145813
