epoch,Data_selection_execution_time
1,0.010849475860595703
21,4.381808042526245
41,4.3934550285339355
61,4.386505842208862
81,4.368847131729126
101,4.382019519805908
121,4.361222743988037
141,4.39906120300293
