epoch,Data_selection_execution_time
1,0.010687828063964844
21,4.36743688583374
41,4.363842487335205
61,4.385909795761108
81,4.401050329208374
101,4.3756959438323975
121,4.3773133754730225
141,4.372736692428589
