epoch,Data_selection_execution_time
1,0.011020421981811523
21,4.180160760879517
41,4.198962926864624
61,4.18932843208313
81,4.193499803543091
101,4.200728416442871
121,4.184372186660767
141,4.2004804611206055
