epoch,Data_selection_execution_time
1,0.0118560791015625
21,4.414559841156006
41,4.4005701541900635
61,4.388823986053467
81,4.382006406784058
101,4.386630296707153
121,4.404210329055786
141,4.394098520278931
