epoch,Data_selection_execution_time
1,0.009401798248291016
21,4.171708345413208
41,4.172356128692627
61,4.201414346694946
81,5.09865140914917
101,4.179384231567383
121,4.173439264297485
141,4.172488212585449
