epoch,Data_selection_execution_time
1,0.009539127349853516
21,4.377427577972412
41,4.553960800170898
61,4.585827589035034
81,4.371744871139526
101,4.368352174758911
121,4.350607872009277
141,4.394747495651245
