epoch,Data_selection_execution_time
1,0.011723041534423828
21,4.182109594345093
41,4.179520845413208
61,4.178472995758057
81,5.207565069198608
101,4.174389839172363
121,4.193078279495239
141,4.201324224472046
