epoch,Data_selection_execution_time
1,0.012526273727416992
21,5.266170263290405
41,4.1977832317352295
61,4.16874361038208
81,4.174789905548096
101,4.173672199249268
121,4.17955470085144
141,4.206479787826538
