epoch,Data_selection_execution_time
1,0.004286050796508789
21,6.478393077850342
41,6.516648054122925
61,6.530941963195801
