epoch,Data_selection_execution_time
1,0.004310131072998047
21,6.696505069732666
41,6.707284212112427
61,6.717351198196411
