epoch,Data_selection_execution_time
1,0.004489898681640625
21,6.760930776596069
41,6.85050106048584
61,6.80302619934082
