epoch,Data_selection_execution_time
1,0.0043392181396484375
21,6.770392179489136
41,6.736166954040527
61,6.786293029785156
