epoch,Data_selection_execution_time
1,0.004112958908081055
21,6.550724744796753
41,6.44524884223938
61,6.39433217048645
