epoch,Data_selection_execution_time
1,0.004021883010864258
21,7.083987236022949
41,6.96058988571167
61,6.956748008728027
