epoch,Data_selection_execution_time
1,0.004622936248779297
21,6.437972068786621
41,6.5074989795684814
61,6.618437051773071
