epoch,Data_selection_execution_time
1,0.00451207160949707
21,6.606564998626709
41,6.809048175811768
61,6.832287073135376
