epoch,Data_selection_execution_time
1,0.0040130615234375
21,6.479647159576416
41,6.393244981765747
61,6.4028000831604
