epoch,Data_selection_execution_time
1,0.004488945007324219
21,6.426949977874756
41,6.442938804626465
61,6.489879846572876
