epoch,Data_selection_execution_time
1,0.004517078399658203
21,6.840116024017334
41,6.686354875564575
61,6.652732849121094
