epoch,Data_selection_execution_time
1,0.004328250885009766
21,6.538439035415649
41,6.518553018569946
61,6.585853815078735
