epoch,Data_selection_execution_time
1,0.0045359134674072266
21,6.488664150238037
41,6.51844596862793
61,6.543463945388794
