epoch,Data_selection_execution_time
1,0.004464864730834961
21,6.876081705093384
41,6.841368675231934
61,6.845410108566284
