epoch,Data_selection_execution_time
1,0.6204323768615723
21,42.21056866645813
41,42.317928075790405
61,42.25342917442322
81,42.24791646003723
101,42.15935969352722
121,42.316192626953125
141,42.23286485671997
