epoch,Data_selection_execution_time
1,0.5864264965057373
21,42.14466905593872
41,42.24144220352173
61,42.28326869010925
81,42.383296489715576
101,42.53613352775574
121,42.56979727745056
141,42.32793664932251
