epoch,Data_selection_execution_time
1,0.5740690231323242
21,46.07091283798218
41,43.82707691192627
61,42.32193064689636
81,42.182892084121704
101,42.29761981964111
121,42.351322650909424
141,42.20919895172119
