epoch,Data_selection_execution_time
1,0.5888016223907471
21,44.68501043319702
41,43.12906527519226
61,44.33870720863342
81,42.30488038063049
101,43.674211502075195
121,42.319300174713135
141,42.33378863334656
