epoch,Data_selection_execution_time
1,0.0035228729248046875
21,0.2787630558013916
41,8.912292242050171
61,0.2605459690093994
