epoch,Data_selection_execution_time
1,0.004143238067626953
21,3.7764880657196045
41,0.3165578842163086
61,0.3294248580932617
81,0.37486886978149414
101,0.33154821395874023
121,0.3283271789550781
141,3.8148720264434814
