epoch,Data_selection_execution_time
1,0.003983020782470703
21,0.33768510818481445
41,0.4087710380554199
61,0.3282341957092285
81,0.32439208030700684
101,0.35108494758605957
121,0.3235130310058594
141,0.3203740119934082
