epoch,Data_selection_execution_time
1,0.004381895065307617
21,0.25290417671203613
41,0.2505660057067871
61,0.26119303703308105
