epoch,Data_selection_execution_time
1,0.004509925842285156
21,0.3173339366912842
41,0.30661606788635254
61,3.4318649768829346
81,0.3224620819091797
101,0.3301551342010498
121,0.31855010986328125
141,0.31417012214660645
