epoch,Data_selection_execution_time
1,0.0047528743743896484
21,0.2849750518798828
41,0.25036001205444336
61,0.2775688171386719
