epoch,Data_selection_execution_time
1,0.012139081954956055
21,0.27286434173583984
41,0.26061010360717773
61,0.2727987766265869
