epoch,Data_selection_execution_time
1,0.003987789154052734
21,0.32063889503479004
41,3.464061975479126
61,0.3193070888519287
81,0.3163278102874756
101,0.32527923583984375
121,0.31464409828186035
141,0.318256139755249
