epoch,Data_selection_execution_time
1,0.005411863327026367
21,0.2753269672393799
41,0.2643442153930664
61,2.069633960723877
81,0.27939605712890625
101,0.28879690170288086
121,0.2572140693664551
141,0.260343074798584
