epoch,Data_selection_execution_time
1,0.008021831512451172
21,4.0810487270355225
41,4.079806327819824
61,4.0723958015441895
81,4.075926303863525
101,4.098250865936279
121,4.082891225814819
141,4.102141857147217
