epoch,Data_selection_execution_time
1,0.00716090202331543
21,4.160915374755859
41,4.098123073577881
61,4.668670654296875
81,4.150385618209839
101,4.151243686676025
121,4.085639238357544
141,4.087195873260498
