epoch,Data_selection_execution_time
1,0.007424116134643555
21,4.075957775115967
41,4.710328817367554
61,4.074246883392334
81,4.086187839508057
101,4.087912321090698
121,4.078674554824829
141,4.081084966659546
