epoch,Data_selection_execution_time
1,0.00779271125793457
21,3.932182788848877
41,3.904946804046631
61,3.911611557006836
81,3.924088716506958
101,3.9164185523986816
121,3.9148361682891846
141,3.9084103107452393
