epoch,Data_selection_execution_time
1,0.007727146148681641
21,4.091256380081177
41,4.084665775299072
61,4.099504232406616
81,4.1404547691345215
101,4.078339338302612
121,4.080967664718628
141,4.088379383087158
