epoch,Data_selection_execution_time
1,0.007792472839355469
21,3.9298207759857178
41,3.907705307006836
61,3.9161641597747803
81,3.903858184814453
101,3.927488088607788
121,3.9008655548095703
141,3.9208550453186035
