epoch,Data_selection_execution_time
1,0.00796055793762207
21,4.086129188537598
41,4.099226474761963
61,4.08707857131958
81,4.072858572006226
101,4.079637289047241
121,4.675130128860474
141,4.074822425842285
