epoch,Data_selection_execution_time
1,0.8785767555236816
21,79.23983073234558
41,77.4189100265503
61,77.04404067993164
81,76.55159997940063
101,79.8383526802063
121,77.43174242973328
141,77.0810444355011
