epoch,Data_selection_execution_time
1,0.5798778533935547
21,75.84419369697571
41,76.06610369682312
61,76.1133861541748
81,76.02529215812683
101,76.83348798751831
121,76.37838506698608
141,76.80691456794739
