epoch,Data_selection_execution_time
1,0.5948457717895508
21,75.76113605499268
41,76.64944171905518
61,76.0470232963562
81,76.43151473999023
101,78.55552864074707
121,78.08569669723511
141,76.8210232257843
