epoch,Data_selection_execution_time
1,0.5944783687591553
21,76.93747997283936
41,76.83375859260559
61,76.70950436592102
81,76.69354057312012
101,76.84102582931519
121,78.13839268684387
141,76.47623658180237
