epoch,Data_selection_execution_time
1,0.004444122314453125
21,1.440943956375122
41,1.5071091651916504
61,1.4290122985839844
81,1.4548377990722656
101,1.4684250354766846
