epoch,Data_selection_execution_time
1,0.004153728485107422
21,1.4795830249786377
41,1.4723551273345947
61,1.7690460681915283
81,1.4810528755187988
101,1.4794433116912842
