epoch,Data_selection_execution_time
1,0.004189968109130859
21,1.725189208984375
41,1.4776408672332764
61,1.7313251495361328
81,1.4761526584625244
101,1.7277979850769043
