epoch,Data_selection_execution_time
1,0.004446983337402344
21,1.4816820621490479
41,1.4247608184814453
61,1.456031084060669
81,1.4430770874023438
101,1.5539319515228271
