epoch,Data_selection_execution_time
1,0.0036919116973876953
21,1.6069180965423584
41,1.6846678256988525
61,1.6861622333526611
81,1.47517991065979
101,1.6930859088897705
