epoch,Data_selection_execution_time
1,0.004673004150390625
21,1.4818518161773682
41,1.4674670696258545
61,1.746917963027954
81,1.4763240814208984
101,1.7569758892059326
