epoch,Data_selection_execution_time
1,0.0045697689056396484
21,1.4536821842193604
41,1.4839789867401123
61,1.4274377822875977
81,1.4691720008850098
101,1.4319040775299072
