epoch,Data_selection_execution_time
1,0.004039287567138672
21,1.497628927230835
41,13.026403903961182
61,1.4387540817260742
81,1.4230129718780518
101,1.4614720344543457
