epoch,Data_selection_execution_time
1,0.004789113998413086
21,1.4732260704040527
41,1.7101480960845947
61,1.46604323387146
81,1.7081360816955566
101,1.4787912368774414
