epoch,Data_selection_execution_time
1,0.004263162612915039
21,1.4632377624511719
41,1.428189992904663
61,11.057644128799438
81,1.4312431812286377
101,11.104251146316528
