epoch,Data_selection_execution_time
1,0.00684809684753418
21,1.1787657737731934
41,1.1705713272094727
61,1.2115075588226318
81,1.1797277927398682
101,1.165102481842041
121,1.163698673248291
141,1.1570253372192383
