epoch,Data_selection_execution_time
1,0.008100032806396484
21,1.191150188446045
41,17.14026188850403
61,1.2478618621826172
81,13.271708011627197
101,1.2296411991119385
121,1.217606782913208
141,1.2331678867340088
