epoch,Data_selection_execution_time
1,0.006072044372558594
21,1.3018920421600342
41,1.2904298305511475
61,16.79657816886902
