epoch,Data_selection_execution_time
1,0.0059261322021484375
21,1.3078417778015137
41,12.340406894683838
61,1.3084030151367188
81,11.910181045532227
101,1.295881986618042
121,1.2926430702209473
141,1.2774667739868164
