epoch,Data_selection_execution_time
1,0.02030491828918457
21,1.367074966430664
41,12.100651979446411
61,1.2574517726898193
81,1.2434921264648438
101,1.223423957824707
121,1.2430858612060547
141,1.2362661361694336
