epoch,Data_selection_execution_time
1,0.0055999755859375
21,12.47989296913147
41,1.2875480651855469
61,12.291027069091797
81,1.2925629615783691
101,1.2949841022491455
121,1.309554100036621
141,1.266860008239746
