epoch,Data_selection_execution_time
1,0.00500035285949707
21,17.912023067474365
41,1.352963924407959
61,1.3094327449798584
81,1.4556379318237305
101,1.3551568984985352
121,14.615876913070679
141,1.2453241348266602
