epoch,Data_selection_execution_time
1,0.007703065872192383
21,1.2979121208190918
41,1.2654731273651123
61,1.2902841567993164
81,1.2816650867462158
101,1.3301138877868652
121,1.2807209491729736
141,12.182785034179688
