epoch,Data_selection_execution_time
1,0.0050733089447021484
21,1.2194910049438477
41,1.2128269672393799
61,13.205520868301392
81,1.211319923400879
101,12.991742134094238
121,1.2378919124603271
141,1.2524909973144531
