epoch,Data_selection_execution_time
1,0.00577998161315918
21,1.6285037994384766
41,1.2512221336364746
61,15.223694086074829
