epoch,Data_selection_execution_time
1,0.00568389892578125
21,1.2680940628051758
41,12.871394872665405
61,1.2768239974975586
81,12.881900072097778
101,1.2595551013946533
121,1.2970561981201172
141,1.275270938873291
