epoch,Data_selection_execution_time
1,0.005093812942504883
21,1.311406135559082
41,1.3513288497924805
61,17.819262742996216
