epoch,Data_selection_execution_time
1,0.0060007572174072266
21,1.2597417831420898
41,1.2440929412841797
61,19.101728200912476
