epoch,Data_selection_execution_time
1,0.004995822906494141
21,1.2735321521759033
41,1.3578388690948486
61,18.025354146957397
