epoch,Data_selection_execution_time
1,0.014547348022460938
21,9.17986249923706
41,8.89891266822815
61,8.911000728607178
81,8.896531343460083
101,8.883004188537598
121,8.87550950050354
141,8.90436601638794
