epoch,Data_selection_execution_time
1,0.01790904998779297
21,8.232351779937744
41,8.239002704620361
61,8.25261640548706
81,11.676215410232544
101,8.239465713500977
121,10.574218034744263
141,8.226321458816528
