epoch,Data_selection_execution_time
1,0.01775193214416504
21,8.907236576080322
41,8.893663883209229
61,8.903430938720703
81,8.915542840957642
101,8.898061513900757
121,8.916233539581299
141,8.894128799438477
