epoch,Data_selection_execution_time
1,0.018075942993164062
21,8.25826358795166
41,8.230828285217285
61,8.260564804077148
81,8.245870590209961
101,8.232889413833618
121,8.253648281097412
141,8.240533351898193
