epoch,Data_selection_execution_time
1,0.0209043025970459
21,11.304907083511353
41,8.23848843574524
61,11.610997676849365
81,8.236642599105835
101,8.230107069015503
121,8.242452383041382
141,8.228143692016602
