epoch,Data_selection_execution_time
1,0.018095970153808594
21,8.262120723724365
41,8.242629766464233
61,8.248945713043213
81,8.239755153656006
101,8.247475862503052
121,11.743003606796265
141,8.244429349899292
