epoch,Data_selection_execution_time
1,0.014556407928466797
21,11.490335941314697
41,8.260026454925537
61,8.254223346710205
81,8.24752140045166
101,8.24938678741455
121,8.246687173843384
141,8.26099181175232
