epoch,Data_selection_execution_time
1,0.021605253219604492
21,8.89519190788269
41,11.760295391082764
61,8.92349886894226
81,8.890422105789185
101,11.058246374130249
121,8.900388240814209
141,8.917699813842773
