epoch,Data_selection_execution_time
1,0.0247957706451416
21,8.914683818817139
41,8.886351108551025
61,8.87270998954773
81,8.886247634887695
101,8.881337404251099
121,8.868866443634033
141,8.88615894317627
