epoch,Data_selection_execution_time
1,0.017569780349731445
21,8.877628087997437
41,8.896934747695923
61,10.833097696304321
81,8.903580904006958
101,8.873934030532837
121,11.20688271522522
141,8.868249416351318
