epoch,Data_selection_execution_time
1,0.5781440734863281
21,37.703948736190796
41,37.44882392883301
61,37.6943416595459
81,37.76106929779053
101,37.60196232795715
121,37.641953229904175
141,37.42289113998413
