epoch,Data_selection_execution_time
1,0.5710859298706055
21,37.356695890426636
41,37.35933804512024
61,37.27227544784546
81,37.277179479599
101,37.42309284210205
121,37.37176537513733
141,37.39172101020813
