epoch,Data_selection_execution_time
1,0.5871725082397461
21,37.38814449310303
41,37.27645826339722
61,37.36753988265991
81,37.358110427856445
101,37.34111976623535
121,37.34539723396301
141,37.297667503356934
