epoch,Data_selection_execution_time
1,0.5740008354187012
21,37.47365427017212
41,37.62803316116333
61,37.49166822433472
81,37.5327832698822
101,37.400933504104614
121,37.410544633865356
141,37.500826835632324
