epoch,Data_selection_execution_time
1,0.5679788589477539
21,37.67320251464844
41,37.57677721977234
61,37.51816987991333
81,37.61554527282715
101,37.45156788825989
121,37.559937953948975
141,37.546879291534424
