epoch,Data_selection_execution_time
1,0.5902645587921143
21,38.067742109298706
41,37.3382785320282
61,37.33812236785889
81,37.52403116226196
101,37.650978088378906
121,37.31083345413208
141,37.33615469932556
