epoch,Data_selection_execution_time
1,0.5948805809020996
21,37.31463027000427
41,37.369478702545166
61,37.32387971878052
81,37.268022298812866
101,37.39728331565857
121,37.247159242630005
141,37.21839761734009
