epoch,Data_selection_execution_time
1,0.006345987319946289
21,0.2940092086791992
41,0.28464508056640625
61,0.38629722595214844
