epoch,Data_selection_execution_time
1,0.00404667854309082
21,0.27367210388183594
41,0.26795196533203125
61,0.26284170150756836
