epoch,Data_selection_execution_time
1,0.005418062210083008
21,0.31289124488830566
41,0.2662019729614258
61,0.29639101028442383
81,0.3072829246520996
101,0.2861809730529785
121,0.28348803520202637
141,0.26845788955688477
