epoch,Data_selection_execution_time
1,0.0052759647369384766
21,0.3215301036834717
41,0.3281559944152832
61,0.3263988494873047
81,0.3298830986022949
101,0.3260619640350342
121,0.3336141109466553
141,0.32833409309387207
