epoch,Data_selection_execution_time
1,0.004822731018066406
21,0.28090977668762207
41,0.2809631824493408
61,0.34317827224731445
