epoch,Data_selection_execution_time
1,0.004781961441040039
21,0.26293396949768066
41,0.261035680770874
61,0.28525733947753906
81,0.26262569427490234
101,8.939383029937744
121,0.304703950881958
141,0.30219388008117676
