epoch,Data_selection_execution_time
1,0.004895925521850586
21,0.26082921028137207
41,0.2759418487548828
61,0.27962613105773926
81,0.2797269821166992
101,0.33429384231567383
121,0.2760941982269287
141,0.2928791046142578
