epoch,Data_selection_execution_time
1,0.004469156265258789
21,11.305398941040039
41,0.30541229248046875
61,0.2757391929626465
