epoch,Data_selection_execution_time
1,0.006476163864135742
21,0.26910901069641113
41,0.2695338726043701
61,0.26583099365234375
