epoch,Data_selection_execution_time
1,0.009247779846191406
21,1.1364281177520752
41,1.1493515968322754
61,1.1810259819030762
81,1.1631712913513184
101,1.12736177444458
121,1.1588387489318848
141,1.1419227123260498
