epoch,Data_selection_execution_time
1,0.009006977081298828
21,1.1429109573364258
41,1.1490602493286133
61,1.1811883449554443
81,1.1337337493896484
101,1.1321046352386475
121,1.2068188190460205
141,1.1508769989013672
