epoch,Data_selection_execution_time
1,0.003935098648071289
21,0.33688807487487793
41,0.3132178783416748
61,0.32623720169067383
