epoch,Data_selection_execution_time
1,0.005166053771972656
21,0.3063340187072754
41,0.29847121238708496
61,0.2948281764984131
81,0.2862098217010498
101,0.2866997718811035
121,0.285477876663208
141,0.2847278118133545
