epoch,Data_selection_execution_time
1,0.003958940505981445
21,0.32979607582092285
41,0.37270498275756836
61,0.29491615295410156
