epoch,Data_selection_execution_time
1,0.004513978958129883
21,0.31186914443969727
41,0.2938411235809326
61,0.31732892990112305
