epoch,Data_selection_execution_time
1,0.0037870407104492188
21,0.34845900535583496
41,0.34369516372680664
61,0.34645795822143555
81,0.34262800216674805
101,0.33866405487060547
121,0.34249091148376465
141,0.33591699600219727
