epoch,Data_selection_execution_time
1,0.00628209114074707
21,8.06236481666565
41,0.29920506477355957
61,0.2878408432006836
