epoch,Data_selection_execution_time
1,0.00500035285949707
21,0.31491923332214355
41,0.37711095809936523
61,0.30295515060424805
