epoch,Data_selection_execution_time
1,0.003712177276611328
21,3.797740936279297
41,3.632849931716919
61,3.607328176498413
