epoch,Data_selection_execution_time
1,0.005381107330322266
21,3.6000850200653076
41,3.5659289360046387
61,3.707548141479492
