epoch,Data_selection_execution_time
1,0.003662109375
21,3.7015888690948486
41,3.6178972721099854
61,3.626906156539917
