epoch,Data_selection_execution_time
1,0.0036013126373291016
21,3.5868520736694336
41,3.8170931339263916
61,3.6020710468292236
