epoch,Data_selection_execution_time
1,0.003773927688598633
21,3.5980639457702637
41,3.5233190059661865
61,3.6703600883483887
