epoch,Data_selection_execution_time
1,0.0035991668701171875
21,3.5969951152801514
41,3.5888919830322266
61,3.5998992919921875
