epoch,Data_selection_execution_time
1,0.005439043045043945
21,3.8296761512756348
41,3.5957391262054443
61,3.558854103088379
