epoch,Data_selection_execution_time
1,0.003638029098510742
21,3.7514700889587402
41,3.868772029876709
61,3.614077091217041
