epoch,Data_selection_execution_time
1,0.012660980224609375
21,3.5836408138275146
41,3.5829238891601562
61,3.5754282474517822
