epoch,Data_selection_execution_time
1,0.003718852996826172
21,3.611492156982422
41,3.492370843887329
61,3.653895854949951
