epoch,Data_selection_execution_time
1,0.0047149658203125
21,3.6227657794952393
41,3.523899793624878
61,3.9104409217834473
