epoch,Data_selection_execution_time
1,0.003676176071166992
21,3.606973886489868
41,3.5165011882781982
61,3.630763053894043
