epoch,Data_selection_execution_time
1,0.003498077392578125
21,3.9015557765960693
41,3.5862133502960205
61,3.5876259803771973
