epoch,Data_selection_execution_time
1,0.0033898353576660156
21,3.8328330516815186
41,3.5603420734405518
61,3.5498311519622803
