epoch,Data_selection_execution_time
1,0.006252765655517578
21,3.521573781967163
41,3.4875998497009277
61,3.6135120391845703
