epoch,Data_selection_execution_time
1,0.04403805732727051
21,73.59676766395569
41,86.46346116065979
61,95.74710583686829
81,72.85598111152649
101,104.01635670661926
121,73.78386378288269
141,73.9985020160675
161,75.85494041442871
181,75.67991709709167
201,97.55763506889343
221,76.01216626167297
241,76.34810471534729
261,75.87383937835693
281,81.97674107551575
