epoch,Data_selection_execution_time
1,0.0052869319915771484
21,1.4478259086608887
41,1.1818492412567139
61,9.139571189880371
