epoch,Data_selection_execution_time
1,0.004774808883666992
21,8.705519199371338
41,1.1629576683044434
61,10.261819124221802
