epoch,Data_selection_execution_time
1,0.009112834930419922
21,1.1520030498504639
41,1.1482319831848145
61,1.1419651508331299
