epoch,Data_selection_execution_time
1,0.004129886627197266
21,8.578980684280396
41,1.1558470726013184
61,1.2123308181762695
