epoch,Data_selection_execution_time
1,0.00386810302734375
21,1.1908950805664062
41,1.572864055633545
61,1.1438572406768799
81,1.513667106628418
101,1.122464895248413
121,1.6769678592681885
141,1.163938045501709
