epoch,Data_selection_execution_time
1,0.004077911376953125
21,1.4828858375549316
41,1.467059850692749
61,1.492116928100586
81,1.4941978454589844
101,1.4965131282806396
121,1.4745361804962158
141,1.1857590675354004
