epoch,Data_selection_execution_time
1,0.005798816680908203
21,1.2033698558807373
41,8.256639957427979
61,1.1447248458862305
