epoch,Data_selection_execution_time
1,0.006909847259521484
21,7.867329120635986
41,7.73137903213501
61,7.848436594009399
81,7.819200038909912
101,7.209871768951416
121,7.800188302993774
141,7.767017126083374
