epoch,Data_selection_execution_time
1,0.006284236907958984
21,8.181549787521362
41,8.20148777961731
61,8.119653701782227
81,8.250709772109985
101,7.759327173233032
121,8.173410415649414
141,8.266348123550415
