epoch,Data_selection_execution_time
1,0.006784677505493164
21,8.092997074127197
41,8.091568946838379
61,8.159911394119263
81,8.114524602890015
101,8.168992280960083
121,8.241511821746826
141,8.122869968414307
