epoch,Data_selection_execution_time
1,0.007058382034301758
21,7.652834415435791
41,7.962828159332275
61,7.610528945922852
81,7.636210680007935
101,8.075290203094482
121,7.68048095703125
141,7.619219064712524
