epoch,Data_selection_execution_time
1,0.011647462844848633
21,8.172290563583374
41,7.98017144203186
61,8.154195547103882
81,8.166703939437866
101,7.969010591506958
121,7.994898557662964
141,7.9462645053863525
