epoch,Data_selection_execution_time
1,0.007007122039794922
21,8.036869287490845
41,8.067001581192017
61,8.203041553497314
81,8.490627527236938
101,8.217314004898071
121,8.162473678588867
141,8.106464147567749
