epoch,Data_selection_execution_time
1,0.013477325439453125
21,7.735517740249634
41,7.651565790176392
61,7.6526970863342285
81,7.4948132038116455
101,7.527772426605225
121,7.564605951309204
141,7.497795104980469
