epoch,Data_selection_execution_time
1,0.0065000057220458984
21,7.980727195739746
41,8.120221614837646
61,8.120418071746826
81,8.014179944992065
101,8.044100284576416
121,8.086202621459961
141,8.128049850463867
