epoch,Data_selection_execution_time
1,0.006902217864990234
21,7.670010089874268
41,8.035961151123047
61,7.651795864105225
81,7.736345529556274
101,7.6970109939575195
121,7.731548547744751
141,7.814060926437378
