epoch,Data_selection_execution_time
1,0.007105350494384766
21,7.574049472808838
41,7.531563997268677
61,7.584104061126709
81,7.51058292388916
101,7.53136134147644
121,7.568362712860107
141,7.5741190910339355
