epoch,Data_selection_execution_time
1,0.005032777786254883
21,0.5542857646942139
41,0.5515310764312744
61,0.5535888671875
81,0.5596239566802979
101,0.555211067199707
