epoch,Data_selection_execution_time
1,0.006331920623779297
21,0.4841799736022949
41,0.4789612293243408
61,0.48236680030822754
81,0.5070509910583496
101,0.4854879379272461
121,0.4796719551086426
141,0.4792618751525879
161,0.47667622566223145
181,0.4859960079193115
201,0.4777209758758545
221,0.4800729751586914
241,0.4828610420227051
261,0.48633766174316406
