epoch,Data_selection_execution_time
1,0.005090951919555664
21,0.5589051246643066
41,0.5686399936676025
61,0.5749478340148926
81,0.5637140274047852
101,0.5576951503753662
