epoch,Data_selection_execution_time
1,0.005079984664916992
21,0.47748899459838867
41,0.4925379753112793
61,0.49625611305236816
81,0.498291015625
101,0.5611650943756104
121,0.533750057220459
141,0.4990537166595459
161,0.5113449096679688
181,0.515434980392456
201,0.5006847381591797
221,0.4898228645324707
241,0.4884800910949707
261,0.48815202713012695
