epoch,Data_selection_execution_time
1,0.004929065704345703
21,0.4792821407318115
41,0.47215986251831055
61,0.48372411727905273
81,0.47762298583984375
101,0.48400306701660156
