epoch,Data_selection_execution_time
1,0.004892826080322266
21,0.47214484214782715
41,0.4839029312133789
61,0.497999906539917
81,0.48316287994384766
101,0.5465400218963623
