epoch,Data_selection_execution_time
1,0.005162954330444336
21,0.5853738784790039
41,0.5249772071838379
61,0.589688777923584
81,0.539482831954956
101,0.5326592922210693
121,0.5223989486694336
141,0.5191738605499268
161,0.518333911895752
181,0.4833540916442871
201,0.4823298454284668
221,0.4887208938598633
241,0.4922301769256592
261,0.5512161254882812
