epoch,Data_selection_execution_time
1,0.00499725341796875
21,0.4823880195617676
41,0.48151206970214844
61,0.48891496658325195
81,0.483428955078125
101,0.48098111152648926
121,0.4840528964996338
141,0.4807620048522949
161,0.48375606536865234
181,0.4904799461364746
201,0.48335695266723633
221,0.4737849235534668
241,0.48815464973449707
261,0.47699809074401855
