epoch,Data_selection_execution_time
1,0.004886150360107422
21,0.4750227928161621
41,0.48050928115844727
61,0.48341798782348633
81,0.4756629467010498
101,0.47464489936828613
