epoch,Data_selection_execution_time
1,0.005750179290771484
21,0.5608317852020264
41,0.5585362911224365
61,0.5601849555969238
81,0.5622308254241943
101,0.5588412284851074
