epoch,Data_selection_execution_time
1,0.005554914474487305
21,0.4960958957672119
41,0.48304104804992676
61,0.48125314712524414
81,0.47972702980041504
101,0.49672603607177734
121,0.48778390884399414
141,0.49200010299682617
161,0.48153209686279297
181,0.47969985008239746
201,0.4847221374511719
221,0.48443078994750977
241,0.4830770492553711
261,0.47806739807128906
