epoch,Data_selection_execution_time
1,0.00525212287902832
21,0.5548789501190186
41,0.5492870807647705
61,0.5607328414916992
81,0.5561349391937256
101,0.5591311454772949
