epoch,Data_selection_execution_time
1,0.0060882568359375
21,0.5588581562042236
41,0.555901050567627
61,0.5594878196716309
81,0.5537710189819336
101,0.5636448860168457
