epoch,Data_selection_execution_time
1,0.0065920352935791016
21,0.47626209259033203
41,0.4797041416168213
61,0.4800410270690918
81,0.4768662452697754
101,0.4739861488342285
