epoch,Data_selection_execution_time
1,0.005087137222290039
21,0.5081090927124023
41,0.4762229919433594
61,0.4740269184112549
81,0.4715309143066406
101,0.4853799343109131
