epoch,Data_selection_execution_time
1,0.011278390884399414
21,9.483019351959229
41,9.686791896820068
61,8.854005336761475
81,8.868686199188232
101,8.909306764602661
121,8.899204969406128
141,8.874356269836426
