epoch,Data_selection_execution_time
1,0.007613182067871094
21,8.094192743301392
41,8.084866523742676
61,8.086458444595337
81,8.091750621795654
101,8.715094804763794
121,8.13698124885559
141,8.752707719802856
