epoch,Data_selection_execution_time
1,0.011931180953979492
21,8.53504228591919
41,8.064632415771484
61,8.089124917984009
81,8.406761407852173
101,8.098615646362305
121,8.11590027809143
141,8.102068424224854
