epoch,Data_selection_execution_time
1,0.012072324752807617
21,9.163347959518433
41,8.837393283843994
61,9.17166781425476
81,8.944303512573242
101,9.18829083442688
121,8.894954204559326
141,8.891684532165527
