epoch,Data_selection_execution_time
1,0.009534597396850586
21,8.886779546737671
41,8.8755624294281
61,9.221262216567993
81,9.25425124168396
101,8.924001455307007
121,8.941165447235107
141,8.910956859588623
