epoch,Data_selection_execution_time
1,0.007867574691772461
21,8.902069330215454
41,8.913470983505249
61,8.940907001495361
81,8.921528339385986
101,8.910067319869995
121,8.885254621505737
141,9.449232578277588
