epoch,Data_selection_execution_time
1,0.009404182434082031
21,8.099063634872437
41,8.478076219558716
61,8.097034454345703
81,8.418859481811523
101,8.085505962371826
121,8.092507123947144
141,8.140913724899292
