epoch,Data_selection_execution_time
1,0.0073931217193603516
21,8.098711013793945
41,8.086079120635986
61,8.574629783630371
81,8.527624130249023
101,8.550365924835205
121,8.551755905151367
141,8.562657833099365
