epoch,Data_selection_execution_time
1,0.007294178009033203
21,8.691107273101807
41,8.649666547775269
61,8.148850679397583
81,8.097376823425293
101,8.625415802001953
121,8.094622373580933
141,8.103307485580444
