epoch,Data_selection_execution_time
1,0.008342742919921875
21,8.924087047576904
41,8.906913042068481
61,8.920143604278564
81,9.632564544677734
101,8.904269933700562
121,8.874074935913086
141,9.557428359985352
