epoch,Data_selection_execution_time
1,0.011432170867919922
21,9.694219827651978
41,9.336096048355103
61,9.497700929641724
