epoch,Data_selection_execution_time
1,0.20488595962524414
21,9.55924391746521
41,9.762628078460693
61,9.637265920639038
