epoch,Data_selection_execution_time
1,0.010129928588867188
21,9.50872802734375
41,9.456743240356445
61,9.271716117858887
