epoch,Data_selection_execution_time
1,0.011578083038330078
21,8.251811981201172
41,7.7177910804748535
61,7.861900091171265
