epoch,Data_selection_execution_time
1,0.005547046661376953
21,7.811991930007935
41,7.7747321128845215
61,7.625667095184326
