epoch,Data_selection_execution_time
1,0.011314868927001953
21,8.389341354370117
41,7.422000169754028
61,7.639941930770874
