epoch,Data_selection_execution_time
1,0.011220932006835938
21,3.7339279651641846
41,3.6413350105285645
61,3.729841709136963
