epoch,Data_selection_execution_time
1,0.011060953140258789
21,3.7510151863098145
41,3.6623659133911133
61,3.7665069103240967
