epoch,Data_selection_execution_time
1,0.010322809219360352
21,9.361942052841187
41,9.635270118713379
61,9.82558012008667
