epoch,Data_selection_execution_time
1,0.011567115783691406
21,9.823886156082153
41,9.580487966537476
61,9.73712706565857
