epoch,Data_selection_execution_time
1,0.01088094711303711
21,3.650475025177002
41,3.642848014831543
61,3.999249219894409
