epoch,Data_selection_execution_time
1,0.011158227920532227
21,3.694880962371826
41,3.5988190174102783
61,3.8638479709625244
