epoch,Data_selection_execution_time
1,0.010847091674804688
21,8.049954175949097
41,8.066155910491943
61,7.67881178855896
