epoch,Data_selection_execution_time
1,0.0119171142578125
21,8.084290027618408
41,7.464617967605591
61,7.7267022132873535
