epoch,Data_selection_execution_time
1,0.010960817337036133
21,3.729966878890991
41,3.638465642929077
61,3.8029041290283203
