epoch,Data_selection_execution_time
1,0.0066585540771484375
21,4.5169031620025635
41,4.052656173706055
61,4.044445276260376
81,4.0645129680633545
101,4.048603296279907
121,4.061869382858276
141,4.057919263839722
