epoch,Data_selection_execution_time
1,0.02010178565979004
21,4.269154787063599
41,3.975696325302124
61,4.000734567642212
81,4.025103807449341
101,4.004458904266357
121,4.307692050933838
141,4.0333287715911865
