epoch,Data_selection_execution_time
1,0.006506919860839844
21,3.999688148498535
41,4.04668664932251
61,4.032034397125244
81,4.306946516036987
101,4.299537420272827
121,4.077794075012207
141,4.004448890686035
