epoch,Data_selection_execution_time
1,0.00662684440612793
21,3.871636152267456
41,3.86442494392395
61,3.8701908588409424
81,3.867354154586792
101,3.872789144515991
121,3.8810067176818848
141,3.876328945159912
