epoch,Data_selection_execution_time
1,0.006696939468383789
21,4.309729337692261
41,4.068859338760376
61,4.108109951019287
81,4.068024158477783
101,4.078263521194458
121,4.071446418762207
141,4.0702433586120605
