epoch,Data_selection_execution_time
1,0.0066814422607421875
21,4.069822311401367
41,4.364558219909668
61,4.062532663345337
81,4.053915739059448
101,4.0446248054504395
121,4.1161253452301025
141,4.05379056930542
