epoch,Data_selection_execution_time
1,0.00661158561706543
21,3.886185646057129
41,3.8700039386749268
61,4.224265813827515
81,3.874075174331665
101,3.8680291175842285
121,3.862903594970703
141,4.253560304641724
