epoch,Data_selection_execution_time
1,0.006568431854248047
21,3.8751587867736816
41,3.870166778564453
61,3.873546838760376
81,3.8705813884735107
101,4.240765571594238
121,3.865316867828369
141,3.883427858352661
