epoch,Data_selection_execution_time
1,0.004823923110961914
21,0.26182985305786133
41,7.496361017227173
61,0.2600400447845459
