epoch,Data_selection_execution_time
1,0.004678010940551758
21,0.26059889793395996
41,0.2642788887023926
61,0.2549622058868408
