epoch,Data_selection_execution_time
1,0.003957033157348633
21,0.27163004875183105
41,0.2640380859375
61,0.2589437961578369
