epoch,Data_selection_execution_time
1,0.003962993621826172
21,0.31069421768188477
41,0.5149428844451904
61,0.308413028717041
81,0.30385422706604004
101,0.31020498275756836
121,0.5015978813171387
141,0.31115126609802246
