epoch,Data_selection_execution_time
1,0.003596782684326172
21,0.26421189308166504
41,0.4689972400665283
61,0.2662839889526367
81,0.47872304916381836
101,0.2657279968261719
121,0.48543381690979004
141,0.26810693740844727
