epoch,Data_selection_execution_time
1,0.0068929195404052734
21,0.30240702629089355
41,0.31043410301208496
61,0.3010139465332031
81,0.29897117614746094
101,0.5237178802490234
121,0.30420780181884766
141,0.5345058441162109
