epoch,Data_selection_execution_time
1,0.014106035232543945
21,0.31887125968933105
41,0.31732988357543945
61,0.3027839660644531
81,0.3086671829223633
101,0.30449509620666504
121,0.304948091506958
141,0.32586216926574707
