epoch,Data_selection_execution_time
1,0.005143165588378906
21,0.2791450023651123
41,0.2513132095336914
61,0.2788820266723633
