epoch,Data_selection_execution_time
1,0.004053592681884766
21,0.25936222076416016
41,0.2595198154449463
61,0.28311610221862793
