epoch,Data_selection_execution_time
1,0.00792837142944336
21,4.503421068191528
41,4.503899335861206
61,4.484269857406616
81,4.493908882141113
101,4.542556285858154
121,4.5087854862213135
141,4.881293296813965
