epoch,Data_selection_execution_time
1,0.006669521331787109
21,4.0502026081085205
41,4.039246082305908
61,4.047618627548218
81,4.0411341190338135
101,4.4730987548828125
121,4.038190841674805
141,4.048948049545288
