epoch,Data_selection_execution_time
1,0.012636423110961914
21,4.417086601257324
41,4.479887962341309
61,4.431430339813232
81,4.453252792358398
101,4.453642129898071
121,4.46823787689209
141,4.464648723602295
