epoch,Data_selection_execution_time
1,0.0068356990814208984
21,4.4954674243927
41,4.503106117248535
61,4.491151809692383
81,4.492941379547119
101,4.481912136077881
121,4.526794910430908
141,4.91860032081604
