epoch,Data_selection_execution_time
1,0.006817340850830078
21,4.043546915054321
41,4.028105735778809
61,4.0331690311431885
81,4.031025171279907
101,4.04068660736084
121,4.026519060134888
141,4.4491472244262695
