epoch,Data_selection_execution_time
1,0.006638526916503906
21,4.0474536418914795
41,4.0387282371521
61,4.037982940673828
81,4.05027437210083
101,4.047977447509766
121,4.036682605743408
141,4.044791221618652
