epoch,Data_selection_execution_time
1,0.007128000259399414
21,4.313665390014648
41,4.036198139190674
61,4.064119100570679
81,4.053448677062988
101,4.041091680526733
121,4.348226308822632
141,4.04281759262085
