epoch,Data_selection_execution_time
1,0.012143373489379883
21,4.041057348251343
41,4.18078088760376
61,4.002527475357056
81,4.00592565536499
101,4.02557373046875
121,4.0386528968811035
141,4.026950836181641
