epoch,Data_selection_execution_time
1,0.006673336029052734
21,4.4566028118133545
41,4.5004658699035645
61,4.476321458816528
81,4.831303834915161
101,4.490779399871826
121,4.460670709609985
141,4.466061592102051
