epoch,Data_selection_execution_time
1,0.00649714469909668
21,4.75181245803833
41,4.4785475730896
61,4.465551853179932
81,4.473830699920654
101,4.468138694763184
121,4.530087232589722
141,4.8339362144470215
