epoch,Data_selection_execution_time
1,0.482252836227417
21,32.24532508850098
41,31.721580028533936
61,33.512747287750244
81,31.127275705337524
101,31.61062479019165
121,31.97057819366455
141,32.240822076797485
