epoch,Data_selection_execution_time
1,0.47899293899536133
21,32.37991166114807
41,31.66521954536438
61,31.547470331192017
81,31.57235074043274
101,31.626847982406616
121,36.224862813949585
141,31.33194398880005
