epoch,Data_selection_execution_time
1,0.4672703742980957
21,32.67693209648132
41,31.62442421913147
61,32.30057716369629
81,31.305384635925293
101,30.99841284751892
121,34.3599009513855
141,33.384793281555176
