epoch,Data_selection_execution_time
1,0.47857213020324707
21,32.000051498413086
41,31.443520069122314
61,32.58883833885193
81,31.534807920455933
101,33.09981322288513
121,32.88549327850342
141,31.51828956604004
