epoch,Data_selection_execution_time
1,0.4963979721069336
21,31.712949514389038
41,31.67600965499878
61,31.423991203308105
81,31.686286687850952
101,32.1063072681427
121,32.429357051849365
141,32.486693143844604
