epoch,Data_selection_execution_time
1,0.47846341133117676
21,31.430358171463013
41,32.5382194519043
61,32.09958338737488
81,31.112955331802368
101,31.411491870880127
121,33.124868392944336
141,31.655057430267334
