epoch,Data_selection_execution_time
1,0.5000238418579102
21,34.86389374732971
41,32.13172960281372
61,31.413805961608887
81,31.256325721740723
101,32.46251440048218
121,31.8453369140625
141,31.136176824569702
