epoch,Data_selection_execution_time
1,0.47390317916870117
21,31.006451845169067
41,31.316609144210815
61,32.367223501205444
81,32.46927261352539
101,30.71248984336853
121,33.06677842140198
141,34.202394008636475
