epoch,Data_selection_execution_time
1,0.005759477615356445
21,5.471196174621582
41,5.508022308349609
61,5.103724956512451
81,5.399198770523071
101,5.039113759994507
121,5.435982704162598
141,3.8982388973236084
