epoch,Data_selection_execution_time
1,0.010677576065063477
21,6.220151424407959
41,4.162403106689453
61,4.215176820755005
81,3.9088478088378906
101,3.911026954650879
121,3.9361178874969482
141,3.9232378005981445
