epoch,Data_selection_execution_time
1,0.0058596134185791016
21,4.411815404891968
41,3.9067628383636475
61,3.9050352573394775
81,4.387648582458496
101,3.88795804977417
121,3.922800302505493
141,3.900768756866455
