epoch,Data_selection_execution_time
1,0.00616145133972168
21,7.191045045852661
41,3.8927505016326904
61,3.8862709999084473
81,7.666779518127441
101,4.364240646362305
121,5.039595603942871
141,5.029984951019287
161,3.9346742630004883
181,3.8806657791137695
201,3.8543906211853027
221,3.862346887588501
241,3.873255491256714
261,3.8703670501708984
281,7.009723424911499
301,3.8247363567352295
321,3.821134328842163
341,3.931579828262329
361,3.8363513946533203
381,3.880621910095215
