epoch,Data_selection_execution_time
1,0.005959749221801758
21,3.999840497970581
41,4.51028299331665
61,4.646151781082153
81,3.951390266418457
101,4.580935001373291
121,4.614570379257202
141,3.9616026878356934
