epoch,Data_selection_execution_time
1,0.005918741226196289
21,4.351782560348511
41,4.3247644901275635
61,3.926208257675171
81,4.409795045852661
101,4.361877918243408
121,4.441654920578003
141,3.9312472343444824
