epoch,Data_selection_execution_time
1,0.006128549575805664
21,3.9790937900543213
41,3.9691922664642334
61,3.959136724472046
81,3.9498608112335205
101,4.547231197357178
121,4.492727994918823
141,4.621244668960571
