epoch,Data_selection_execution_time
1,0.005704641342163086
21,3.850598096847534
41,4.428505897521973
61,3.8536858558654785
81,3.920422077178955
101,4.518766403198242
121,3.9086437225341797
141,3.8937501907348633
