epoch,Data_selection_execution_time
1,0.006449460983276367
21,4.552639722824097
41,3.9395081996917725
61,3.875131845474243
81,3.855555295944214
101,3.836977005004883
121,6.263572931289673
141,6.54938817024231
161,7.1879096031188965
181,3.8968396186828613
201,3.881631374359131
221,3.8688619136810303
241,3.880922555923462
261,3.8736374378204346
281,3.8611721992492676
301,3.87235951423645
321,6.779759645462036
341,3.870919942855835
361,3.8656506538391113
381,3.8719215393066406
