epoch,Data_selection_execution_time
1,0.0056362152099609375
21,3.9323318004608154
41,4.264349937438965
61,4.278984069824219
81,3.941026210784912
101,3.948636293411255
121,4.3062379360198975
141,4.338602066040039
