epoch,Data_selection_execution_time
1,0.005839824676513672
21,3.908710241317749
41,3.8954851627349854
61,3.8784196376800537
81,3.8809216022491455
101,3.9096474647521973
121,4.374753713607788
141,4.40388822555542
