epoch,Data_selection_execution_time
1,0.06830501556396484
21,4.78153133392334
41,4.274036884307861
61,5.354790687561035
81,5.35534405708313
101,5.088440179824829
121,5.105497121810913
141,5.3264312744140625
