epoch,Data_selection_execution_time
1,0.009148359298706055
21,8.197189569473267
41,8.182746171951294
61,8.183654308319092
81,8.173928022384644
101,9.27674913406372
121,8.171773910522461
141,8.187560319900513
