epoch,Data_selection_execution_time
1,0.009223699569702148
21,8.188610315322876
41,8.266337394714355
61,8.262491703033447
81,9.103461503982544
101,9.181934356689453
121,8.17050838470459
141,9.169962644577026
