epoch,Data_selection_execution_time
1,0.009773492813110352
21,10.078624963760376
41,8.948737621307373
61,8.945215940475464
81,9.826825141906738
101,8.960681200027466
121,8.96720838546753
141,8.96756386756897
