epoch,Data_selection_execution_time
1,0.009206056594848633
21,8.938919067382812
41,8.950793981552124
61,8.953046321868896
81,8.973533868789673
101,8.970797777175903
121,10.110850095748901
141,8.985806465148926
