epoch,Data_selection_execution_time
1,0.014563560485839844
21,8.973993301391602
41,8.987664699554443
61,8.943155288696289
81,10.523582696914673
101,10.185992240905762
121,8.99275803565979
141,8.991876602172852
