epoch,Data_selection_execution_time
1,0.00926971435546875
21,8.980738162994385
41,8.984249591827393
61,8.97919249534607
81,8.966707468032837
101,9.821675777435303
121,9.005734920501709
141,9.011773109436035
