epoch,Data_selection_execution_time
1,0.00979161262512207
21,8.186397790908813
41,8.179465293884277
61,10.05770993232727
81,8.169549942016602
101,8.183756828308105
121,8.183696269989014
141,8.184964418411255
