epoch,Data_selection_execution_time
1,0.009567737579345703
21,9.969976902008057
41,9.014792919158936
61,8.948777675628662
81,8.958394289016724
101,8.976296186447144
121,9.015298128128052
141,8.987954139709473
