epoch,Data_selection_execution_time
1,0.007930517196655273
21,8.181910514831543
41,8.178741455078125
61,8.180175542831421
81,8.181153297424316
101,8.18164610862732
121,9.009978294372559
141,8.192683696746826
