epoch,Data_selection_execution_time
1,0.010187864303588867
21,5.4019529819488525
41,5.394085884094238
61,5.375326871871948
