epoch,Data_selection_execution_time
1,0.019791841506958008
21,5.45128607749939
41,5.314680814743042
61,5.320939064025879
