epoch,Data_selection_execution_time
1,0.022580862045288086
21,4.675686359405518
41,4.702610969543457
61,5.153373956680298
