epoch,Data_selection_execution_time
1,0.011552095413208008
21,5.412336826324463
41,5.430922985076904
61,5.423892974853516
