epoch,Data_selection_execution_time
1,0.01709604263305664
21,5.394965171813965
41,5.122841835021973
61,5.174989700317383
