epoch,Data_selection_execution_time
1,0.011310100555419922
21,5.472913026809692
41,5.498291015625
61,5.49182915687561
