epoch,Data_selection_execution_time
1,0.01967597007751465
21,5.447535753250122
41,5.06270432472229
61,5.032731771469116
