epoch,Data_selection_execution_time
1,0.0189208984375
21,4.67677903175354
41,4.780426025390625
61,4.727070331573486
