epoch,Data_selection_execution_time
1,0.009290933609008789
21,5.342005968093872
41,5.363636016845703
61,5.3719658851623535
