epoch,Data_selection_execution_time
1,0.05129671096801758
21,5.025585889816284
41,5.108156204223633
61,5.016378879547119
