epoch,Data_selection_execution_time
1,0.018402814865112305
21,5.370845079421997
41,5.312546968460083
61,5.333591938018799
