epoch,Data_selection_execution_time
1,0.018489837646484375
21,5.316981077194214
41,5.332486152648926
61,5.390857934951782
