epoch,Data_selection_execution_time
1,0.01888108253479004
21,5.082165956497192
41,5.078326225280762
61,5.150776147842407
