epoch,Data_selection_execution_time
1,0.010297060012817383
21,5.5014729499816895
41,5.43436598777771
61,5.437657117843628
