epoch,Data_selection_execution_time
1,0.01729607582092285
21,4.985223054885864
41,5.003242015838623
61,5.0284740924835205
