epoch,Data_selection_execution_time
1,0.016133546829223633
21,16.27448844909668
41,12.539259910583496
61,15.072293281555176
81,14.940351724624634
101,16.560006141662598
121,16.393369913101196
141,12.589904069900513
