epoch,Data_selection_execution_time
1,0.013368606567382812
21,14.45831298828125
41,14.625268936157227
61,15.52371096611023
81,14.763568878173828
101,14.766921997070312
121,14.912380456924438
141,15.319963455200195
