epoch,Data_selection_execution_time
1,0.016514062881469727
21,15.158253908157349
41,14.731313705444336
61,14.638196468353271
81,15.215429067611694
101,15.999658107757568
121,11.940651655197144
141,14.817036628723145
