epoch,Data_selection_execution_time
1,0.015723466873168945
21,14.823063135147095
41,14.517633438110352
61,12.043075799942017
81,14.24026083946228
101,11.950917959213257
121,14.935892820358276
141,15.07733154296875
