epoch,Data_selection_execution_time
1,0.017272472381591797
21,11.982051849365234
41,14.046855688095093
61,14.112180471420288
81,11.928781509399414
101,11.940303802490234
121,11.962607383728027
141,12.00438666343689
