epoch,Data_selection_execution_time
1,0.016216754913330078
21,16.355520963668823
41,16.025524377822876
61,14.987645626068115
81,12.527626991271973
101,16.178752660751343
121,16.611841440200806
141,12.54550313949585
