epoch,Data_selection_execution_time
1,0.016155719757080078
21,14.900747299194336
41,13.86727523803711
61,15.100817441940308
81,14.102584600448608
101,15.382115840911865
121,14.320894241333008
141,13.984153270721436
