epoch,Data_selection_execution_time
1,0.017505884170532227
21,14.467570304870605
41,14.420583009719849
61,14.432285070419312
81,14.410930156707764
101,13.93762731552124
121,14.412201881408691
141,14.623321294784546
