epoch,Data_selection_execution_time
1,0.01708221435546875
21,16.158186435699463
41,12.553671836853027
61,15.431340217590332
81,16.230674028396606
101,16.822378158569336
121,12.759505033493042
141,15.774429082870483
