epoch,Data_selection_execution_time
1,0.018012046813964844
21,15.392918586730957
41,16.858442783355713
61,15.337886810302734
81,15.429769277572632
101,15.276167869567871
121,16.050455331802368
141,14.778250694274902
