epoch,Data_selection_execution_time
1,0.0045430660247802734
21,0.47726011276245117
41,0.4746999740600586
61,0.47667622566223145
81,0.48189401626586914
101,0.47645998001098633
