epoch,Data_selection_execution_time
1,0.004513978958129883
21,0.43842387199401855
41,0.45940208435058594
61,0.45736026763916016
81,0.45014119148254395
101,0.4518289566040039
