epoch,Data_selection_execution_time
1,0.004041910171508789
21,0.6381278038024902
41,0.47872495651245117
61,0.48032617568969727
81,0.47434496879577637
101,0.650040864944458
