epoch,Data_selection_execution_time
1,0.004801034927368164
21,0.452988862991333
41,0.45136475563049316
61,0.45748472213745117
81,0.4601781368255615
101,0.4544029235839844
