epoch,Data_selection_execution_time
1,0.004591703414916992
21,0.458050012588501
41,0.4521348476409912
61,0.4518129825592041
81,0.453765869140625
101,0.4499809741973877
