epoch,Data_selection_execution_time
1,0.0042798519134521484
21,0.44801998138427734
41,0.44592905044555664
61,0.45198798179626465
81,0.44654202461242676
101,0.4461958408355713
121,0.4436321258544922
141,0.44550395011901855
161,0.6262142658233643
181,0.4425640106201172
201,0.44157981872558594
221,0.44662904739379883
241,0.44964098930358887
261,0.44893479347229004
