epoch,Data_selection_execution_time
1,0.00471806526184082
21,0.4440300464630127
41,0.44255685806274414
61,0.44039082527160645
81,0.43988895416259766
101,0.4423832893371582
121,0.44591784477233887
141,0.4441239833831787
161,0.44805407524108887
181,0.4424612522125244
201,0.4428400993347168
221,0.4486987590789795
241,0.443709135055542
261,0.44367504119873047
