epoch,Data_selection_execution_time
1,0.005173683166503906
21,0.4592430591583252
41,0.45548200607299805
61,0.46114587783813477
81,0.4532749652862549
101,0.44916296005249023
