epoch,Data_selection_execution_time
1,0.004075050354003906
21,0.44964098930358887
41,0.44710826873779297
61,0.44858860969543457
81,0.4521291255950928
101,0.4843461513519287
121,0.4501349925994873
141,0.6532809734344482
161,0.44292378425598145
181,0.44629383087158203
201,0.4442472457885742
221,0.4499530792236328
241,0.4475710391998291
261,0.44613194465637207
