epoch,Data_selection_execution_time
1,0.008501052856445312
21,0.5204699039459229
41,0.45445775985717773
61,0.4691941738128662
81,0.4703078269958496
101,0.46810388565063477
