epoch,Data_selection_execution_time
1,0.0045087337493896484
21,0.47252511978149414
41,0.46915197372436523
61,0.47899794578552246
81,0.47469472885131836
101,0.48052287101745605
