epoch,Data_selection_execution_time
1,0.005003929138183594
21,0.455430269241333
41,0.44881677627563477
61,0.4590950012207031
81,0.44737792015075684
101,0.44795799255371094
