epoch,Data_selection_execution_time
1,0.0038259029388427734
21,0.4730212688446045
41,0.4706590175628662
61,0.6278479099273682
81,0.4722142219543457
101,0.4753842353820801
