epoch,Data_selection_execution_time
1,6.148694038391113
21,77.22266387939453
41,32.139792680740356
61,32.1282958984375
81,31.72607159614563
101,31.682960510253906
121,31.854647636413574
141,31.784348964691162
