epoch,Data_selection_execution_time
1,0.4684112071990967
21,33.198500871658325
41,34.00434064865112
61,31.392492294311523
81,31.762367010116577
101,31.74355125427246
121,31.867018938064575
141,30.81307291984558
