epoch,Data_selection_execution_time
1,0.4759359359741211
21,32.169020891189575
41,32.86298227310181
61,31.91146755218506
81,33.50421214103699
101,31.845854997634888
121,31.5402672290802
141,31.4756760597229
