epoch,Data_selection_execution_time
1,0.4745640754699707
21,31.450685262680054
41,32.37213468551636
61,31.069462776184082
81,32.56671214103699
101,31.82028818130493
121,31.041245698928833
141,30.73386287689209
