epoch,Data_selection_execution_time
1,0.4694836139678955
21,31.499042987823486
41,31.125608444213867
61,32.01055693626404
81,32.12237763404846
101,31.940386056900024
121,31.619484901428223
141,40.28022289276123
