epoch,Data_selection_execution_time
1,0.47940778732299805
21,31.24365258216858
41,31.048235654830933
61,30.61259651184082
81,31.10766291618347
101,34.72709894180298
121,36.74897646903992
141,30.87084126472473
