epoch,Data_selection_execution_time
1,0.4667360782623291
21,31.683735132217407
41,32.42258644104004
61,31.423597812652588
81,31.757493257522583
101,31.5241482257843
121,31.304986476898193
141,31.93264126777649
