epoch,Data_selection_execution_time
1,1.648252010345459
21,46.52999758720398
41,31.73649573326111
61,32.0377242565155
81,30.963392972946167
101,31.847326040267944
121,31.05548882484436
141,30.84167981147766
