epoch,Data_selection_execution_time
1,0.012148857116699219
21,7.211953639984131
41,7.248425483703613
61,7.245056629180908
81,7.306950330734253
101,7.279021263122559
121,8.618156671524048
141,8.546085119247437
