epoch,Data_selection_execution_time
1,0.012267589569091797
21,9.156221389770508
41,7.794397830963135
61,9.261567115783691
81,7.7696733474731445
101,9.022355556488037
121,7.769233465194702
141,9.401992082595825
