epoch,Data_selection_execution_time
1,0.01216268539428711
21,7.851222515106201
41,9.29429030418396
61,7.7358574867248535
81,9.274280071258545
101,9.385977745056152
121,9.23763132095337
141,7.7220470905303955
