epoch,Data_selection_execution_time
1,0.010543346405029297
21,7.360226392745972
41,8.738356828689575
61,9.281425714492798
81,8.69846796989441
101,7.219807147979736
121,7.246096611022949
141,7.219276189804077
