epoch,Data_selection_execution_time
1,0.009488821029663086
21,7.2446513175964355
41,8.440385103225708
61,7.265474081039429
81,8.381929159164429
101,7.214405059814453
121,7.279521703720093
141,8.42458176612854
