epoch,Data_selection_execution_time
1,0.00935983657836914
21,7.697197198867798
41,7.736382007598877
61,8.746217250823975
81,7.898648977279663
101,7.694878578186035
121,9.12660026550293
141,9.085016012191772
