epoch,Data_selection_execution_time
1,0.011220455169677734
21,9.319926500320435
41,7.786348581314087
61,9.391796827316284
81,7.750543594360352
101,9.45044732093811
121,9.460346221923828
141,7.73200798034668
