epoch,Data_selection_execution_time
1,0.011415481567382812
21,8.842225790023804
41,7.748295068740845
61,7.693819522857666
81,9.16591215133667
101,7.686500310897827
121,9.133864879608154
141,7.745496034622192
