epoch,Data_selection_execution_time
1,0.01101231575012207
21,8.68413233757019
41,8.657327651977539
61,8.646358489990234
81,7.27847957611084
101,8.697885036468506
121,8.629749059677124
141,8.68354082107544
