epoch,Data_selection_execution_time
1,0.011321783065795898
21,8.560628175735474
41,7.245868444442749
61,8.527920484542847
81,8.565436601638794
101,8.621361255645752
121,8.61404013633728
141,7.256219387054443
