epoch,Data_selection_execution_time
1,0.006482839584350586
21,0.2708621025085449
41,13.417770862579346
61,0.28388214111328125
