epoch,Data_selection_execution_time
1,0.00523686408996582
21,0.27210283279418945
41,0.2774629592895508
61,0.28043437004089355
