epoch,Data_selection_execution_time
1,0.0056340694427490234
21,0.2771139144897461
41,0.27698612213134766
61,0.27493786811828613
