epoch,Data_selection_execution_time
1,0.00695490837097168
21,0.3382899761199951
41,0.3380579948425293
61,0.33935070037841797
81,0.3386528491973877
101,0.3349130153656006
121,0.4097621440887451
141,0.33873581886291504
