epoch,Data_selection_execution_time
1,0.005950927734375
21,0.2778627872467041
41,0.28245091438293457
61,0.2704958915710449
