epoch,Data_selection_execution_time
1,0.006356954574584961
21,0.3505289554595947
41,0.26864075660705566
61,0.3090329170227051
