epoch,Data_selection_execution_time
1,0.011317729949951172
21,0.2748119831085205
41,0.2641868591308594
61,0.27307701110839844
81,0.26651501655578613
101,0.265927791595459
121,0.3012821674346924
141,0.2656240463256836
