epoch,Data_selection_execution_time
1,0.005558013916015625
21,10.664000988006592
41,0.2670168876647949
61,0.26792097091674805
81,0.26987767219543457
101,0.3557891845703125
121,0.27130889892578125
141,0.26792097091674805
