epoch,Data_selection_execution_time
1,0.005610942840576172
21,0.2705349922180176
41,0.264894962310791
61,0.27161502838134766
81,0.2686119079589844
101,0.2682371139526367
121,0.26698994636535645
141,0.2676210403442383
