epoch,Data_selection_execution_time
1,0.005468845367431641
21,0.2667219638824463
41,0.2659010887145996
61,0.27323007583618164
81,11.026078939437866
101,0.2686498165130615
121,0.2688140869140625
141,0.26467299461364746
