epoch,Data_selection_execution_time
1,0.004328012466430664
21,0.4809999465942383
41,0.4808199405670166
61,0.47565317153930664
81,0.48239898681640625
101,0.4768509864807129
