epoch,Data_selection_execution_time
1,0.011269807815551758
21,0.4686572551727295
41,0.46593284606933594
61,0.46654796600341797
81,0.48061108589172363
101,0.4784388542175293
