epoch,Data_selection_execution_time
1,0.004998922348022461
21,0.474489688873291
41,0.5141770839691162
61,0.47924113273620605
81,0.4958522319793701
101,0.46494197845458984
