epoch,Data_selection_execution_time
1,0.0045299530029296875
21,0.5489802360534668
41,0.541395902633667
61,0.5427236557006836
81,0.5486419200897217
101,0.5452680587768555
