epoch,Data_selection_execution_time
1,0.004934787750244141
21,0.5485739707946777
41,4.777967214584351
61,0.5477819442749023
81,0.5416150093078613
101,0.5439269542694092
