epoch,Data_selection_execution_time
1,0.0051860809326171875
21,0.5371580123901367
41,0.5146002769470215
61,0.5102560520172119
81,0.5150609016418457
101,0.5199058055877686
121,0.5166239738464355
141,0.5154922008514404
161,0.5147769451141357
181,0.516362190246582
201,0.5111038684844971
221,0.509202241897583
241,0.5257430076599121
261,0.519923210144043
