epoch,Data_selection_execution_time
1,0.004893302917480469
21,0.5393290519714355
41,0.5395598411560059
61,0.5407917499542236
81,0.5387518405914307
101,0.5461869239807129
