epoch,Data_selection_execution_time
1,0.005162954330444336
21,0.5445213317871094
41,0.5414090156555176
61,0.542320728302002
81,0.5819361209869385
101,0.542896032333374
