epoch,Data_selection_execution_time
1,0.00477910041809082
21,0.5451779365539551
41,0.5470731258392334
61,0.5386538505554199
81,0.5455629825592041
101,0.5411927700042725
