epoch,Data_selection_execution_time
1,0.004572868347167969
21,0.47226595878601074
41,0.47302699089050293
61,0.4703550338745117
81,0.47251391410827637
101,0.47846508026123047
