epoch,Data_selection_execution_time
1,0.004992008209228516
21,0.513336181640625
41,0.5116739273071289
61,0.5213229656219482
81,0.515981912612915
101,0.5170350074768066
121,0.5148379802703857
141,0.520118236541748
161,0.515836238861084
181,0.5142359733581543
201,0.5722451210021973
221,0.5132761001586914
241,0.5117301940917969
261,0.510343074798584
