epoch,Data_selection_execution_time
1,0.004632234573364258
21,0.4713127613067627
41,0.4803047180175781
61,0.4747898578643799
81,0.4768531322479248
101,0.47188401222229004
