epoch,Data_selection_execution_time
1,0.005092144012451172
21,0.5131139755249023
41,0.5091910362243652
61,0.5204732418060303
81,0.5168812274932861
101,0.5145180225372314
121,0.5166740417480469
141,0.5114421844482422
161,0.5190770626068115
181,0.599884033203125
201,0.5164031982421875
221,0.5129010677337646
241,0.515516996383667
261,0.526587724685669
