epoch,Data_selection_execution_time
1,0.009554386138916016
21,4.1220152378082275
41,4.112621068954468
61,4.123063802719116
81,5.360058307647705
101,4.161518096923828
121,4.1158599853515625
141,4.112293481826782
