epoch,Data_selection_execution_time
1,0.009984493255615234
21,5.584608554840088
41,4.595807313919067
61,4.6608545780181885
81,4.663612127304077
101,4.615945816040039
121,4.563011884689331
141,4.580582857131958
