epoch,Data_selection_execution_time
1,0.008910179138183594
21,4.980282306671143
41,4.1190595626831055
61,4.185047388076782
81,4.121184825897217
101,4.131303787231445
121,4.1330246925354
141,4.1242053508758545
