epoch,Data_selection_execution_time
1,0.010863304138183594
21,4.6372294425964355
41,4.567666053771973
61,4.576210260391235
81,4.56765079498291
101,4.581188917160034
121,4.561113119125366
141,4.579677581787109
