epoch,Data_selection_execution_time
1,0.007700443267822266
21,4.127556800842285
41,4.122933626174927
61,4.129213094711304
81,4.113366603851318
101,4.112982988357544
121,4.16408109664917
141,4.104799509048462
