epoch,Data_selection_execution_time
1,0.009053945541381836
21,4.112548589706421
41,4.122269868850708
61,4.12129807472229
81,4.1123528480529785
101,4.1171674728393555
121,4.163398504257202
141,4.126335620880127
