epoch,Data_selection_execution_time
1,0.009090662002563477
21,4.596590280532837
41,4.656060695648193
61,4.594023704528809
81,4.578834533691406
101,4.590020418167114
121,4.589293003082275
141,4.570345878601074
