epoch,Data_selection_execution_time
1,0.011351585388183594
21,4.580836772918701
41,4.569449424743652
61,4.5723066329956055
81,4.5737175941467285
101,4.575827121734619
121,4.5706703662872314
141,4.618029594421387
