epoch,Data_selection_execution_time
1,0.010879039764404297
21,4.572721004486084
41,4.572098255157471
61,4.652703046798706
81,4.576064586639404
101,4.63223934173584
121,4.659932851791382
141,4.557347536087036
