epoch,Data_selection_execution_time
1,0.009148836135864258
21,4.132259368896484
41,4.123845815658569
61,5.115851163864136
81,4.1261327266693115
101,4.115876197814941
121,4.11862325668335
141,4.111065864562988
