epoch,Data_selection_execution_time
1,0.0049169063568115234
21,0.5107357501983643
41,0.49793314933776855
61,0.5028550624847412
81,0.5122470855712891
101,0.5078670978546143
121,0.5161778926849365
141,0.5082612037658691
161,0.5067260265350342
181,0.5077250003814697
201,0.5051577091217041
221,0.5194191932678223
241,0.5126628875732422
261,0.5076689720153809
