epoch,Data_selection_execution_time
1,0.0046541690826416016
21,0.529263973236084
41,0.5259020328521729
61,0.5286750793457031
81,0.8860158920288086
101,0.5335178375244141
