epoch,Data_selection_execution_time
1,0.004086017608642578
21,0.45903611183166504
41,11.175594091415405
61,0.4706392288208008
81,0.4643421173095703
101,0.4680359363555908
