epoch,Data_selection_execution_time
1,0.004403114318847656
21,0.511693000793457
41,0.5092439651489258
61,0.5068309307098389
81,0.512718915939331
101,0.5051591396331787
121,0.5084302425384521
141,0.510634183883667
161,0.5043501853942871
181,0.4999880790710449
201,0.5026788711547852
221,0.5077869892120361
241,0.506723165512085
261,0.4980647563934326
