epoch,Data_selection_execution_time
1,0.004477977752685547
21,0.5280179977416992
41,0.5300478935241699
61,0.5270729064941406
81,0.5304219722747803
101,0.5298099517822266
