epoch,Data_selection_execution_time
1,0.004165172576904297
21,0.5345218181610107
41,0.5303349494934082
61,0.5203392505645752
81,0.5308520793914795
101,0.5363893508911133
