epoch,Data_selection_execution_time
1,0.004163026809692383
21,0.48926424980163574
41,0.4678678512573242
61,0.46234607696533203
81,0.46498799324035645
101,0.4682900905609131
