epoch,Data_selection_execution_time
1,0.0045909881591796875
21,0.5055451393127441
41,0.50325608253479
61,0.5085029602050781
81,0.502417802810669
101,0.5109050273895264
121,0.5113399028778076
141,0.5566818714141846
161,0.5094478130340576
181,0.5071423053741455
201,0.5073888301849365
221,0.4981260299682617
241,0.5082299709320068
261,0.5098161697387695
