epoch,Data_selection_execution_time
1,0.004302024841308594
21,0.4761390686035156
41,0.4927711486816406
61,0.49001598358154297
81,0.4648120403289795
101,0.4655129909515381
