epoch,Data_selection_execution_time
1,0.004441976547241211
21,0.5089240074157715
41,0.5051059722900391
61,0.5130360126495361
81,0.5114281177520752
101,0.5097801685333252
121,0.512376070022583
141,0.5126781463623047
161,0.5128219127655029
181,0.5131618976593018
201,0.49761390686035156
221,0.5037078857421875
241,0.5057449340820312
261,0.5041599273681641
