epoch,Data_selection_execution_time
1,0.0043849945068359375
21,0.5105020999908447
41,0.5040888786315918
61,0.4995572566986084
81,0.5120499134063721
101,2.3037641048431396
121,0.5064878463745117
141,0.5156199932098389
161,0.5072429180145264
181,0.5192208290100098
201,0.5013000965118408
221,0.5148708820343018
241,0.5058517456054688
261,0.5050101280212402
