epoch,Data_selection_execution_time
1,0.004659891128540039
21,0.47196078300476074
41,0.46462583541870117
61,0.46166110038757324
81,0.47467970848083496
101,0.47203993797302246
