epoch,Data_selection_execution_time
1,0.004409074783325195
21,0.5336260795593262
41,0.5280981063842773
61,0.5368988513946533
81,0.5369291305541992
101,0.5373859405517578
