epoch,Data_selection_execution_time
1,0.004269123077392578
21,0.4660990238189697
41,0.46640777587890625
61,0.46000194549560547
81,0.46491098403930664
101,0.4819822311401367
