epoch,Data_selection_execution_time
1,0.004353761672973633
21,0.5319211483001709
41,0.525550127029419
61,0.5272748470306396
81,0.5355918407440186
101,0.5339720249176025
