epoch,Data_selection_execution_time
1,0.586007833480835
21,43.07631301879883
41,42.7794144153595
61,42.75037384033203
81,42.76145696640015
101,43.167412996292114
121,42.90648150444031
141,42.76527404785156
