epoch,Data_selection_execution_time
1,0.5991966724395752
21,42.86557173728943
41,42.679299116134644
61,42.60919380187988
81,42.962053298950195
101,43.25094556808472
121,43.073853492736816
141,42.745802879333496
