epoch,Data_selection_execution_time
1,0.6043903827667236
21,43.1396803855896
41,42.875746965408325
61,43.13415050506592
81,43.37047505378723
101,42.63015937805176
121,42.561370611190796
141,42.4277606010437
161,42.540666580200195
181,42.707995653152466
