epoch,Data_selection_execution_time
1,0.6328761577606201
21,43.88745903968811
41,43.8058762550354
61,42.750956773757935
81,42.86400079727173
101,43.17596650123596
121,48.520397424697876
141,42.9854211807251
