epoch,Data_selection_execution_time
1,0.5885603427886963
21,43.60278797149658
41,43.14844298362732
61,42.86963891983032
81,42.96962881088257
101,42.72749209403992
121,43.105875730514526
141,43.06410217285156
