epoch,Data_selection_execution_time
1,0.6104874610900879
21,37.845547676086426
41,37.37706208229065
61,37.315109729766846
81,37.40898394584656
101,37.48078894615173
121,37.350736141204834
141,37.72835922241211
