epoch,Data_selection_execution_time
1,0.5773015022277832
21,37.430667877197266
41,38.25328803062439
61,37.39537286758423
81,37.34641671180725
101,37.60182499885559
121,37.43496775627136
141,37.37994742393494
