epoch,Data_selection_execution_time
1,0.5917003154754639
21,37.81351065635681
41,37.70861792564392
61,37.791621685028076
81,38.045987606048584
101,37.91182994842529
121,37.56841540336609
141,37.71958088874817
