epoch,Data_selection_execution_time
1,0.5683436393737793
21,37.416205406188965
41,37.29723143577576
61,37.56727123260498
81,37.51504397392273
101,37.64707922935486
121,37.376710414886475
141,38.1914496421814
