epoch,Data_selection_execution_time
1,0.594611406326294
21,37.81373047828674
41,37.71948552131653
61,37.837170124053955
81,37.993454456329346
101,37.813446283340454
121,37.93934774398804
141,37.5770947933197
