epoch,Data_selection_execution_time
1,0.588759183883667
21,37.34599542617798
41,37.32916069030762
61,38.6168999671936
81,37.38899493217468
101,37.37617897987366
121,37.349440813064575
141,37.44181823730469
