epoch,Data_selection_execution_time
1,0.611133337020874
21,37.74404335021973
41,37.87471580505371
61,38.07693648338318
81,37.341617822647095
101,38.17472171783447
121,37.283499002456665
141,37.2820303440094
