epoch,Data_selection_execution_time
1,0.011549234390258789
21,4.652881383895874
41,4.699491739273071
61,4.641045808792114
81,4.626526832580566
101,4.641927719116211
121,4.63173770904541
141,4.636183738708496
