epoch,Data_selection_execution_time
1,0.010720014572143555
21,4.6350860595703125
41,4.630822420120239
61,4.6550822257995605
81,4.644360542297363
101,4.645230770111084
121,5.6783287525177
141,4.6317384243011475
