epoch,Data_selection_execution_time
1,0.010528564453125
21,4.1893510818481445
41,4.161870718002319
61,4.235488176345825
81,4.175421476364136
101,4.167473793029785
121,4.1747050285339355
141,5.709746360778809
