epoch,Data_selection_execution_time
1,0.010639429092407227
21,4.179011344909668
41,4.165172815322876
61,5.689216613769531
81,5.6487133502960205
101,5.716593980789185
121,4.169505596160889
141,4.165194034576416
