epoch,Data_selection_execution_time
1,0.010815620422363281
21,4.613909959793091
41,4.609939336776733
61,4.6065287590026855
81,4.605841636657715
101,4.605058431625366
121,4.601592302322388
141,4.59650182723999
