epoch,Data_selection_execution_time
1,0.01263427734375
21,4.703744649887085
41,4.627547740936279
61,4.6302385330200195
81,4.640713691711426
101,5.809944152832031
121,4.63379979133606
141,5.833245754241943
