epoch,Data_selection_execution_time
1,0.011314630508422852
21,4.637529611587524
41,5.702390432357788
61,4.640919208526611
81,4.643672227859497
101,4.645649671554565
121,4.63084864616394
141,4.72530722618103
