epoch,Data_selection_execution_time
1,0.009538888931274414
21,4.176125526428223
41,4.166920185089111
61,4.167947292327881
81,4.17647910118103
101,5.442219018936157
121,4.182663917541504
141,4.172243595123291
