epoch,Data_selection_execution_time
1,0.012767791748046875
21,4.185453414916992
41,4.182331800460815
61,4.191988229751587
81,5.5871899127960205
101,4.183241605758667
121,4.179671049118042
141,4.175719738006592
