epoch,Data_selection_execution_time
1,0.010866641998291016
21,4.18790602684021
41,4.18104362487793
61,4.1787803173065186
81,4.1797590255737305
101,4.173775672912598
121,4.175332307815552
141,4.1637396812438965
