epoch,Data_selection_execution_time
1,0.0046770572662353516
21,0.42778611183166504
41,0.42301416397094727
61,16.88823914527893
81,0.42293572425842285
101,0.42466187477111816
