epoch,Data_selection_execution_time
1,0.004832029342651367
21,0.4801640510559082
41,0.48583102226257324
61,0.4862639904022217
81,0.4831511974334717
101,0.48955702781677246
