epoch,Data_selection_execution_time
1,0.005033016204833984
21,0.4833080768585205
41,0.4795699119567871
61,0.4840521812438965
81,0.4861938953399658
101,0.48807787895202637
