epoch,Data_selection_execution_time
1,0.0046689510345458984
21,0.42348623275756836
41,0.43479013442993164
61,0.42967820167541504
81,0.42543673515319824
101,0.42227816581726074
