epoch,Data_selection_execution_time
1,0.0046939849853515625
21,0.44949984550476074
41,0.42283201217651367
61,0.42395591735839844
81,0.4239671230316162
101,0.43299198150634766
