epoch,Data_selection_execution_time
1,0.004030942916870117
21,0.47684788703918457
41,0.47391605377197266
61,0.4828019142150879
81,0.4819338321685791
101,0.48443007469177246
