epoch,Data_selection_execution_time
1,0.0044558048248291016
21,0.4452831745147705
41,0.4186077117919922
61,0.41967201232910156
81,0.42604708671569824
101,0.42624902725219727
