epoch,Data_selection_execution_time
1,0.005862236022949219
21,0.4676499366760254
41,0.45887207984924316
61,0.456496000289917
81,0.46604418754577637
101,0.45900988578796387
121,0.4600093364715576
141,0.4676651954650879
161,0.4554011821746826
181,0.4584379196166992
201,0.4553060531616211
221,0.45746612548828125
241,0.46291613578796387
261,0.452923059463501
