epoch,Data_selection_execution_time
1,0.004183053970336914
21,0.4848752021789551
41,0.4770700931549072
61,0.48682713508605957
81,0.47893786430358887
101,0.48422694206237793
