epoch,Data_selection_execution_time
1,0.004335641860961914
21,0.48441195487976074
41,0.4799308776855469
61,0.4836008548736572
81,0.4771728515625
101,0.4906339645385742
