epoch,Data_selection_execution_time
1,0.0038840770721435547
21,0.4278750419616699
41,0.42615795135498047
61,0.5067050457000732
81,0.4251291751861572
101,0.4216041564941406
