epoch,Data_selection_execution_time
1,0.009392499923706055
21,1.2324848175048828
41,1.2283461093902588
61,1.2403395175933838
81,1.236527919769287
101,1.309997320175171
121,1.233015775680542
141,1.23988938331604
