epoch,Data_selection_execution_time
1,0.015989065170288086
21,51.41135811805725
41,7.2317540645599365
61,82.05935573577881
