epoch,Data_selection_execution_time
1,0.16643500328063965
21,6.882298946380615
41,24.071298122406006
61,6.778500080108643
