epoch,Data_selection_execution_time
1,0.016932964324951172
21,23.98341703414917
41,7.082764148712158
61,23.89038920402527
