epoch,Data_selection_execution_time
1,0.015957117080688477
21,26.315542936325073
41,6.51007604598999
61,47.397623777389526
