epoch,Data_selection_execution_time
1,0.00815582275390625
21,6.9745872020721436
41,7.157597064971924
61,7.175750732421875
