epoch,Data_selection_execution_time
1,0.016149044036865234
21,24.177681922912598
41,6.715143203735352
61,24.98360800743103
