epoch,Data_selection_execution_time
1,0.03432011604309082
21,7.129319906234741
41,6.817073106765747
61,6.888445854187012
