epoch,Data_selection_execution_time
1,0.032524824142456055
21,7.617050886154175
41,7.2363739013671875
61,72.03558897972107
