epoch,Data_selection_execution_time
1,0.00808095932006836
21,7.037216901779175
41,7.203974962234497
61,6.995361804962158
