epoch,Data_selection_execution_time
1,0.01732802391052246
21,25.5184006690979
41,7.534205913543701
61,26.86729598045349
