epoch,Data_selection_execution_time
1,0.009484052658081055
21,7.009131193161011
41,6.994010925292969
61,7.360074043273926
