epoch,Data_selection_execution_time
1,0.02456188201904297
21,7.1943678855896
41,26.879405975341797
61,7.4447410106658936
