epoch,Data_selection_execution_time
1,0.01866888999938965
21,6.786396026611328
41,6.432915925979614
61,61.0176899433136
