epoch,Data_selection_execution_time
1,0.020479917526245117
21,23.852807998657227
41,7.666409015655518
61,24.249054193496704
