epoch,Data_selection_execution_time
1,0.009778261184692383
21,6.934218883514404
41,6.853973865509033
61,6.942863941192627
